7.6724999999999985,PZSL 1848
6.7799999999999985,EOLID:11119143
5.504999999999999,AMNH specimen 5116
5.377499999999999,AMNH specimen 5027
3.3375,EOLID:39513
2.0625,EOLID:2312
1.9349999999999998,AMNH 460
1.9349999999999996,EOLID:15503955
1.9349999999999996,EOLID:4752261
1.8074999999999999,EOLID:25467
1.5524999999999998,EOLID:2979542
1.5524999999999998,USNM 874926
1.5524999999999998,MSN 1332
1.2974999999999999,AMNH 5895
1.17,EOLID:30655
1.17,EOLID:11021483
1.17,AMNH 5027
1.0424999999999998,EOLID:10999588
0.9994334078112798,
0.915,USNM 2673
0.915,EOLID:2567084
0.915,USNM 414915
0.915,AMNH 24000
0.915,EOLID:35256
0.9149999999999999,EOLID:10720404
0.7875,VIAF 17171050
0.7875,EOLID:2570710
0.7875,EOLID:11096836
0.7875,AMNH 5214
0.7875,USNM:Herp:533614
0.76625,MNHN-RA-0.742
0.66,FMNH P 24
0.66,USNM 171103
0.66,MCZ 9169
0.66,EOLID:11022548
0.66,EOLID:11080335
0.66,AMNH 6516
0.66,USNM 578171
0.66,EOLID:41555
0.66,AMNH 5730
0.66,ISO 100
0.66,AMNH 3024
0.6456562500000002,http://collections.peabody.yale.edu/search/Record/YU.051351
0.575,http://coldb.mnhn.fr/catalognumber/mnhn/ra/0.742
0.5325,EOLID:13038
0.5325,AMNH 5220
0.5325,EOLID:57860
0.5325,EOLID:3773708
0.5325,USNM 2412
0.5325,EOLID:19891
0.5325,EOLID:35924
0.5325,AMNH 3160
0.5325,FMNH 282818
0.5325,EOLID:11084094
0.5325,FMNH 99071
0.5325,EOLID:14395
0.5325,AMNH 5405
0.5325,EOLID:1048435
0.5325,AMNH 5337
0.5325,EOLID:11021890
0.5325,USNM 572502
0.5325,EOLID:15506481
0.5325,AMNH 650
0.5325,AMNH 5427
0.5325,EOLID:1178488
0.5325,FMNH Me 2259
0.5325,USNM 123392
0.5325,EOLID:2867241
0.5325,MCZ 8290
0.47124999999999995,USNM ENT 00873051
0.4475,MNHN 0.742
0.405,MCZ 32370
0.405,AMNH 22555
0.405,EOLID:221719
0.405,AMNH 5240
0.405,AMNH 26
0.405,EOLID:34806
0.405,EOLID:11020233
0.405,EOLID:38592
0.405,EOLID:795410
0.405,USNM 153400
0.405,EOLID:39388
0.405,AMNH FR 30630
0.405,AMNH 3856
0.405,EOLID:13966
0.405,ISBN 0
0.405,USNM 867015
0.405,AMNH 4569
0.405,USNM 108462
0.405,EOLID:62651
0.405,EOLID:14452
0.405,USNM 171034
0.405,EOLID:50301
0.405,USNM 579874
0.405,USNM 125945
0.405,EOLID:10711744
0.405,FMNH PF 5686
0.405,EOLID:15085
0.405,AMNH LIBRARY 100101322
0.405,USNM 71367
0.405,EOLID:34550
0.405,EOLID:213810
0.405,AMNH 29076
0.405,MCZ 161803
0.405,EOLID:1722
0.405,EOLID:104480
0.405,USNM PAL 60086
0.405,MVZ 155199
0.405,LACM 62
0.405,EOLID:13173217
0.405,EOLID:14349
0.405,USNM 578190
0.405,AMNH 5401
0.405,USNM 874932
0.405,EOLID:20566
0.405,EOLID:32705
0.405,EOLID:11039101
0.405,AMNH 16
0.405,EOLID:4700774
0.405,MCZ 181161
0.405,FMNH PP 33689
0.405,AMNH 1
0.405,USNM 170981
0.405,EOLID:11086947
0.405,SCHLEGEL 1837
0.405,EOLID:112874
0.405,DECEMBER 1969
0.405,USNM 582493
0.405,GRAY 1855
0.405,AMNH 5060
0.405,USNM 4934
0.405,USNM 859315
0.405,EOLID:4873050
0.405,USA 180
0.405,USNM 502382
0.405,USA 141
0.405,VIAF 243450000
0.405,FMNH P 26228
0.405,USNM 310585
0.405,FMNH PE 37598
0.405,EOLID:2546295
0.405,EOLID:4759043
0.405,AMNH 969
0.405,USNM 180241
0.405,AMNH 6517
0.405,TMP 1992.082.0001
0.405,MCZ 072063
0.405,EOLID:10711852
0.405,EOLID:206776
0.405,AMNH 9631
0.405,EOLID:2988518
0.405,AMNH 6120
0.405,FSI 5
0.405,EOLID:34859
0.405,EOLID:11621353
0.405,AMNH 4985
0.405,VIAF 46014703
0.405,AMNH 29074
0.405,FMNH PE 37647
0.405,FMNH 70726
0.405,EOLID:208483
0.405,AMNH 5340
0.405,AMNH 5403
0.405,MCZ LIBRARYHARV 0
0.405,FMNH PE 55318
0.405,EOLID:11018392
0.405,USNM 3814
0.405,ALM on 2
0.405,EOLID:58457
0.405,USNM 1
0.405,EOLID:14284
0.405,AMNH 1696
0.405,FMNH PP 53399
0.405,MCZ 17439
0.405,FMNH PE 60828
0.405,AMNH 46594
0.405,USNM 12
0.405,AMNH 6515
0.405,FMNH PP 33636
0.405,EOLID:39469
0.405,USNM 1000153
0.405,USNM 180947
0.405,EOLID:4757476
0.405,FMNH 13897
0.405,USNM 65066
0.405,JEP Boeing 777
0.405,RAM 14000
0.405,AMNH 3998
0.405,FMNH PE 60837
0.405,USNM 238008
0.405,USNM 180245
0.405,EOLID:17017251
0.405,INBS 3830
0.405,AMNH 29051
0.405,EOLID:15711
0.405,USNM 131814
0.405,EOLID:12112274
0.405,OUZC 1633
0.405,MCZ 3408
0.405,AMNH 9522
0.405,AMNH 5850
0.405,IRSNB M 167
0.405,EOLID:11055578
0.405,USNM 117384
0.405,EOLID:24025
0.405,EOLID:9103592
0.405,EOLID:14481
0.405,AMNH 18650
0.405,EOLID:24839
0.405,EOLID:57589
0.405,USNM 215649
0.405,EOLID:4856646
0.405,EOLID:108134
0.405,EOLID:24030
0.405,AFS 3
0.34985625000000004,http://www.gbif.org/species/6163936
0.32,MNHN RA 0.742
0.27999999999999997,USNM ENT 00873966
0.27999999999999997,USNM ENT 00873970
0.27999999999999997,USNM ENT 00873984
0.27999999999999997,USNM ENT 00873985
0.27999999999999997,USNM ENT 00873993
0.27999999999999997,USNM ENT 00873968
0.27999999999999997,USNM ENT 00873972
0.27999999999999997,USNM ENT 00873980
0.27999999999999997,USNM ENT 00873974
0.27999999999999997,USNM ENT 00873978
0.27999999999999997,USNM ENT 00873999
0.27999999999999997,USNM ENT 00873979
0.27999999999999997,USNM ENT 00873987
0.27999999999999997,USNM ENT 00873996
0.27999999999999997,USNM ENT 00873975
0.27999999999999997,USNM ENT 00873991
0.27999999999999997,USNM ENT 00873998
0.27749999999999997,FMNH PE 56154
0.27749999999999997,EOLID:477122
0.27749999999999997,EOLID:1177832
0.27749999999999997,EOLID:206636
0.27749999999999997,MCZ 100125
0.27749999999999997,EOLID:11020917
0.27749999999999997,MCZ 072329
0.27749999999999997,EOLID:52718
0.27749999999999997,EOLID:50837
0.27749999999999997,EOLID:104750
0.27749999999999997,MCZ 100140
0.27749999999999997,USNM 77804
0.27749999999999997,ADE 0
0.27749999999999997,BARBUS CHAGUMIO 2
0.27749999999999997,USNM 311880
0.27749999999999997,BMNH 1974.524
0.27749999999999997,BMNH 1950.11.14.48
0.27749999999999997,USNM PAL 60079
0.27749999999999997,EOLID:206724
0.27749999999999997,EOLID:203933
0.27749999999999997,LACM 71
0.27749999999999997,EOLID:215489
0.27749999999999997,EOLID:25494
0.27749999999999997,EOLID:2783514
0.27749999999999997,EOLID:36170
0.27749999999999997,EOLID:2762079
0.27749999999999997,EOLID:985686
0.27749999999999997,MOR 693
0.27749999999999997,SOUTHERN OCCURRENCE 187
0.27749999999999997,EOLID:207857
0.27749999999999997,EOLID:38816
0.27749999999999997,AMNH FARB 6412
0.27749999999999997,EOLID:1004162
0.27749999999999997,EOLID:899591
0.27749999999999997,MCZ 1161
0.27749999999999997,OVPBJNUS 1
0.27749999999999997,EOLID:4603195
0.27749999999999997,EOLID:205048
0.27749999999999997,USNM 238104
0.27749999999999997,EOLID:1033425
0.27749999999999997,EOLID:224921
0.27749999999999997,USNM 180058
0.27749999999999997,FMNH 173105
0.27749999999999997,REVISION 15
0.27749999999999997,NHRP 82002156
0.27749999999999997,CPS 190211
0.27749999999999997,FMNH PA 607
0.27749999999999997,http://n2t.net/ark:/65665/34629176f-1a72-4714-b23b-b77bf730bcd9
0.27749999999999997,FMNH 60402
0.27749999999999997,USNM 333454
0.27749999999999997,EOLID:19076
0.27749999999999997,MCZ 6222
0.27749999999999997,AMNH 4994
0.27749999999999997,EOLID:795409
0.27749999999999997,AMNH 1112
0.27749999999999997,MCZ 6129
0.27749999999999997,EOLID:11108708
0.27749999999999997,EOLID:58662
0.27749999999999997,EOLID:573826
0.27749999999999997,AMNH 66733
0.27749999999999997,AMNH 5836
0.27749999999999997,EOLID:401252
0.27749999999999997,USNM 80014
0.27749999999999997,USNM 774206
0.27749999999999997,CMD 526
0.27749999999999997,EOLID:41279
0.27749999999999997,EOLID:16278
0.27749999999999997,USNM 12814
0.27749999999999997,IUCN 2012
0.27749999999999997,EOLID:13220451
0.27749999999999997,CMD 493
0.27749999999999997,MCZ 76047
0.27749999999999997,EOLID:212579
0.27749999999999997,EOLID:4500865
0.27749999999999997,EOLID:20535078
0.27749999999999997,FMNH 70722
0.27749999999999997,STERC l 1
0.27749999999999997,EOLID:24435
0.27749999999999997,AMNH LIBRARY 100100574
0.27749999999999997,USNM 313162
0.27749999999999997,EOLID:225888
0.27749999999999997,CXLI 1
0.27749999999999997,USNM 1201
0.27749999999999997,INDIAN OCEAN 283
0.27749999999999997,MCZ 378
0.27749999999999997,FMNH Me 2118
0.27749999999999997,DUVAUCEL 2
0.27749999999999997,USNM 579394
0.27749999999999997,EOLID:59072
0.27749999999999997,EBL 1
0.27749999999999997,EOLID:9609
0.27749999999999997,SIO 84
0.27749999999999997,USNM 683533
0.27749999999999997,CBERDA 3
0.27749999999999997,EOLID:223458
0.27749999999999997,IJIIII 1
0.27749999999999997,EOLID:39268
0.27749999999999997,USNM 10865
0.27749999999999997,USNM PAL 60085
0.27749999999999997,EOLID:5229798
0.27749999999999997,STELLATA 2
0.27749999999999997,MVZ 172412
0.27749999999999997,EOLID:217114
0.27749999999999997,EOLID:78291
0.27749999999999997,EOLID:1012323
0.27749999999999997,FMNH 23969
0.27749999999999997,USNM PAL 57720
0.27749999999999997,USNM 78767
0.27749999999999997,FMNH 25112
0.27749999999999997,EOLID:1057027
0.27749999999999997,EOLID:35548
0.27749999999999997,UALVP 47273
0.27749999999999997,EOLID:4784226
0.27749999999999997,EOLID:1048844
0.27749999999999997,EOLID:1156860
0.27749999999999997,ENA 3
0.27749999999999997,USNM 170979
0.27749999999999997,EOLID:39451
0.27749999999999997,MPL 85
0.27749999999999997,USNM PAL 57493
0.27749999999999997,LSUMZ 27374
0.27749999999999997,EOLID:51263
0.27749999999999997,EOLID:27198
0.27749999999999997,USNM 314615
0.27749999999999997,USNM PAL 60081
0.27749999999999997,PETERS 1879
0.27749999999999997,MCZ 100143
0.27749999999999997,EOLID:225882
0.27749999999999997,EOLID:994199
0.27749999999999997,EOLID:1019434
0.27749999999999997,EOLID:215474
0.27749999999999997,MCZ 76179
0.27749999999999997,EOLID:35944
0.27749999999999997,USNM 743733
0.27749999999999997,MCZ 180342
0.27749999999999997,DPAG 2008
0.27749999999999997,USNM 32728
0.27749999999999997,EOLID:356411
0.27749999999999997,EOLID:208519
0.27749999999999997,USNM 764329
0.27749999999999997,EOLID:23745
0.27749999999999997,EOLID:795377
0.27749999999999997,USNM 108911
0.27749999999999997,EOLID:4563972
0.27749999999999997,EOLID:13736
0.27749999999999997,NWA 869
0.27749999999999997,EOLID:84552
0.27749999999999997,BMNH 1913.10.29.9
0.27749999999999997,EOLID:11117222
0.27749999999999997,EOLID:328575
0.27749999999999997,EOLID:4317582
0.27749999999999997,DUKAL 4
0.27749999999999997,MCZ 76150
0.27749999999999997,EOLID:74345
0.27749999999999997,FMNH 65394
0.27749999999999997,USNM 85697
0.27749999999999997,FARGOA BARTSCHI 13
0.27749999999999997,EOLID:92536
0.27749999999999997,III with 100
0.27749999999999997,ARIUS ACUTIROSTRIS 2.
0.27749999999999997,EOLID:791097
0.27749999999999997,AMNH 1662
0.27749999999999997,PLIOCENE IBISES 63
0.27749999999999997,USNM PAL 60082
0.27749999999999997,FMNH 34718
0.27749999999999997,EOLID:208305
0.27749999999999997,BOETTGER 1886
0.27749999999999997,EOLID:15610
0.27749999999999997,FMNH PF 46204
0.27749999999999997,AMNH 6210
0.27749999999999997,AMNH 217346
0.27749999999999997,USNM 43463
0.27749999999999997,AMNH 1736
0.27749999999999997,EOLID:794901
0.27749999999999997,USNM 61928
0.27749999999999997,MICRURA 4
0.27749999999999997,CMD 365
0.27749999999999997,EOLID:217983
0.27749999999999997,AMNH 46596
0.27749999999999997,FMNH PE 60839
0.27749999999999997,CORNUTUS 5.
0.27749999999999997,SCHULTZ 31
0.27749999999999997,EOLID:209174
0.27749999999999997,EOLID:223193
0.27749999999999997,FMNH PE 60826
0.27749999999999997,AMNH 2240
0.27749999999999997,MCZ 180405
0.27749999999999997,UALVP 31
0.27749999999999997,USNM 46722
0.27749999999999997,FMNH 57666
0.27749999999999997,EOLID:24993
0.27749999999999997,ATYS MACANDREWIf 135
0.27749999999999997,AFGE 2015.
0.27749999999999997,CIVORA 5
0.27749999999999997,USNM 60259
0.27749999999999997,USNM 359502
0.27749999999999997,EOLID:100769
0.27749999999999997,EOLID:11079232
0.27749999999999997,AMNH 5434
0.27749999999999997,MOR 555
0.27749999999999997,EOLID:27300
0.27749999999999997,USNM 87610
0.27749999999999997,MCZ 342221
0.27749999999999997,EOLID:4752271
0.27749999999999997,EOLID:4829486
0.27749999999999997,SCH 1
0.27749999999999997,EOLID:13113074
0.27749999999999997,MCZ 100109
0.27749999999999997,EOLID:344835
0.27749999999999997,ATF 58
0.27749999999999997,USNM 456242
0.27749999999999997,AMNH 270411
0.27749999999999997,USNM 1204759
0.27749999999999997,EOLID:1279493
0.27749999999999997,LIDA 4
0.27749999999999997,USNM 108966
0.27749999999999997,USNM 91690
0.27749999999999997,GRAY 1831
0.27749999999999997,EOLID:38589
0.27749999999999997,USNM 94268
0.27749999999999997,USNM 181194
0.27749999999999997,HSDB 3126
0.27749999999999997,EOLID:6112201
0.27749999999999997,EOLID:1055216
0.27749999999999997,USNM 6527
0.27749999999999997,USNM 216760
0.27749999999999997,EOLID:10719983
0.27749999999999997,LACM 154560
0.27749999999999997,EOLID:39467
0.27749999999999997,USNM 558413
0.27749999999999997,FRENATUS 5
0.27749999999999997,EOLID:2579114
0.27749999999999997,IXDKX 351
0.27749999999999997,AMNH 23175
0.27749999999999997,USNM 579873
0.27749999999999997,EOLID:5004067
0.27749999999999997,EOLID:19130
0.27749999999999997,MCZ 182242
0.27749999999999997,EOLID:27020
0.27749999999999997,USNM 573682
0.27749999999999997,EOLID:35822
0.27749999999999997," http://bins.boldsystems.org/index.php/Public_SearchTerms?query=BOLD:AAA0102"
0.27749999999999997,MCZ 235107
0.27749999999999997,TER 1
0.27749999999999997,USNM 11907
0.27749999999999997,LSJU 138
0.27749999999999997,EOLID:8827584
0.27749999999999997,AMNH 28505
0.27749999999999997,EOLID:347438
0.27749999999999997,EOLID:42336
0.27749999999999997,EOLID:1178081
0.27749999999999997,MOR 003
0.27749999999999997,BMNH 6.7.1.32
0.27749999999999997,EOLID:108422
0.27749999999999997,FMNH 49838
0.27749999999999997,USNM PAL 60089
0.27749999999999997,USNM 309515
0.27749999999999997,MCZ 57783
0.27749999999999997,AMNH 274168
0.27749999999999997,MCZ 100126
0.27749999999999997,LABEO SINDENSIS 3
0.27749999999999997,USNM 179601
0.27749999999999997,USNM 223979
0.27749999999999997,EOLID:289548
0.27749999999999997,EOLID:1275821
0.27749999999999997,EOLID:20549927
0.27749999999999997,EOLID:1056566
0.27749999999999997,TENUIS 2
0.27749999999999997,GRAY 1834
0.27749999999999997,EOLID:1010707
0.27749999999999997,FSBC I 32427
0.27749999999999997,EOLID:26621
0.27749999999999997,USNM 98045
0.27749999999999997,EOLID:11017315
0.27749999999999997,MCZ 2151
0.27749999999999997,EOLID:24050
0.27749999999999997,AMNH 1676
0.27749999999999997,EOLID:13138627
0.27749999999999997,FMNH 66510
0.27749999999999997,JML .
0.27749999999999997,EOLID:36537
0.27749999999999997,FMNH 124595
0.27749999999999997,EOLID:206175
0.27749999999999997,EOLID:51032
0.27749999999999997,EOLID:11109530
0.27749999999999997,AMNH 3015
0.27749999999999997,EOLID:11076065
0.27749999999999997,EOLID:10984221
0.27749999999999997,USNM 195385
0.27749999999999997,USNM 4976
0.27749999999999997,AMNH 69578
0.27749999999999997,BOOPS 3.
0.27749999999999997,EOLID:13134555
0.27749999999999997,USNM 573676
0.27749999999999997,MCZ 3006
0.27749999999999997,EOLID:4536529
0.27749999999999997,EOLID:65534
0.27749999999999997,EOLID:796029
0.27749999999999997,MCZ 17670
0.27749999999999997,HASTA 4
0.27749999999999997,EOLID:2668596
0.27749999999999997,EOLID:3088717
0.27749999999999997,MCZ 4117
0.27749999999999997,LEACH 1
0.27749999999999997,USNM 123735
0.27749999999999997,EOLID:964198
0.27749999999999997,EOLID:3126855
0.27749999999999997,EOLID:43259
0.27749999999999997,EOLID:794282
0.27749999999999997,EOLID:14815
0.27749999999999997,AMNH 3999
0.27749999999999997,MVZ 268323
0.27749999999999997,EOLID:4803336
0.27749999999999997,EOLID:35145
0.27749999999999997,EOLID:1018660
0.27749999999999997,MCZ 76079
0.27749999999999997,EOLID:25770
0.27749999999999997,ATIII .
0.27749999999999997,FMNH 127442
0.27749999999999997,FALCULA 6
0.27749999999999997,MCZ 100106
0.27749999999999997,FMNH 195071
0.27749999999999997,EOLID:3020392
0.27749999999999997,AND GOIN 611
0.27749999999999997,EOLID:92968
0.27749999999999997,EOLID:23673
0.27749999999999997,EOLID:11113871
0.27749999999999997,AMNH 6279
0.27749999999999997,MCZ 100144
0.27749999999999997,AMNH 66753
0.27749999999999997,EOLID:4614824
0.27749999999999997,LUTIANUS LWEOLATUS 2
0.27749999999999997,EOLID:104672
0.27749999999999997,EOLID:50814
0.27749999999999997,MELANURA .
0.27749999999999997,ZFMK 26126
0.27749999999999997,FMNH 338808
0.27749999999999997,EOLID:4780330
0.27749999999999997,USNM 82696
0.27749999999999997,FMNH PR 2100
0.27749999999999997,AMNH 5777
0.27749999999999997,EOLID:35940
0.27749999999999997,EOLID:225862
0.27749999999999997,FMNH 129804
0.27749999999999997,EOLID:35457
0.27749999999999997,AMNH LIBRARY 100100024
0.27749999999999997,MCZ 100118
0.27749999999999997,EOLID:11040954
0.27749999999999997,AMNH 3861
0.27749999999999997,USNM PAL 57499
0.27749999999999997,USNM 501824
0.27749999999999997,JJJ 6
0.27749999999999997,USNM 482355
0.27749999999999997,MCZ 214
0.27749999999999997,USNM 159928
0.27749999999999997,EOLID:55106
0.27749999999999997,EOLID:988306
0.27749999999999997,EOLID:58141
0.27749999999999997,EOLID:6837494
0.27749999999999997,EOLID:92718
0.27749999999999997,AMNH LIBRARY 00206052
0.27749999999999997,MCZ 32372
0.27749999999999997,EOLID:53288
0.27749999999999997,MCZ 17421
0.27749999999999997,CRINIGER 3
0.27749999999999997,EOLID:16811
0.27749999999999997,EOLID:11030474
0.27749999999999997,EOLID:34446
0.27749999999999997,EOLID:71049
0.27749999999999997,EOLID:4758743
0.27749999999999997,MCZ 1160
0.27749999999999997,AMNH 3016
0.27749999999999997,EOLID:206805
0.27749999999999997,EOLID:92671
0.27749999999999997,EOLID:15824
0.27749999999999997,MCZ 8812
0.27749999999999997,EOLID:3742081
0.27749999999999997,EOLID:18133
0.27749999999999997,EOLID:220236
0.27749999999999997,USNM 584472
0.27749999999999997,EOLID:331125
0.27749999999999997,USNM 164262
0.27749999999999997,USNM 180030
0.27749999999999997,AMNH 5458
0.27749999999999997,USNM 178993
0.27749999999999997,ATLANTIC OCEAN 3
0.27749999999999997,FMNH PE 38977
0.27749999999999997,CMD 594
0.27749999999999997,EOLID:13276641
0.27749999999999997,ALBERT de .
0.27749999999999997,USNM 69901
0.27749999999999997,EOLID:12040272
0.27749999999999997,EOLID:492905
0.27749999999999997,USNM 578928
0.27749999999999997,EOLID:35797
0.27749999999999997,FILATJE .16
0.27749999999999997,MCZ 76142
0.27749999999999997,EOLID:331216
0.27749999999999997,EOLID:1103000
0.27749999999999997,EOLID:28160
0.27749999999999997,USNM 160364
0.27749999999999997,DHE 11
0.27749999999999997,EOLID:23729
0.27749999999999997,EOLID:42369
0.27749999999999997,AMNH 28506
0.27749999999999997,EOLID:13106916
0.27749999999999997,MCZ 35971
0.27749999999999997,CJU .
0.27749999999999997,EOLID:11077732
0.27749999999999997,end_id
0.27749999999999997,EOLID:3035620
0.27749999999999997,USNM PAL 60091
0.27749999999999997,USNM 180114
0.27749999999999997,EOLID:12089643
0.27749999999999997,EOLID:36963
0.27749999999999997,EOLID:64297
0.27749999999999997,USNM 118756
0.27749999999999997,EOLID:218311
0.27749999999999997,USNM PAL 57492
0.27749999999999997,USNM 307949
0.27749999999999997,USNM 573671
0.27749999999999997,AMNH LIBRARY 100105045
0.27749999999999997,DMNH 21461
0.27749999999999997,EOLID:34191
0.27749999999999997,EOLID:16180293
0.27749999999999997,AMNH 113626
0.27749999999999997,EOLID:10955
0.27749999999999997,EOLID:20028
0.27749999999999997,AMNH 43589
0.27749999999999997,EOLID:113961
0.27749999999999997,EOLID:17804
0.27749999999999997,AMNH 7538
0.27749999999999997,USNM 859316
0.27749999999999997,EOLID:217396
0.27749999999999997,EOLID:1018893
0.27749999999999997,EOLID:11113512
0.27749999999999997,EOLID:4746339
0.27749999999999997,EOLID:11046892
0.27749999999999997,USNM 164237
0.27749999999999997,EOLID:4601095
0.27749999999999997,EOLID:92761
0.27749999999999997,AMNH 4684
0.27749999999999997,USNM 324293
0.27749999999999997,AMNH LIBRARY 100100260
0.27749999999999997,USNM 318171
0.27749999999999997,UCB 1.22.13
0.27749999999999997,USNM 760616
0.27749999999999997,EOLID:11054950
0.27749999999999997,AMNH 1694
0.27749999999999997,EOLID:4494681
0.27749999999999997,FMNH PR 2512
0.27749999999999997,EOLID:11111590
0.27749999999999997,EOLID:2983318
0.27749999999999997,EOLID:10713618
0.27749999999999997,USNM 573681
0.27749999999999997,EOLID:210208
0.27749999999999997,SBMNH 35514
0.27749999999999997,EOLID:4522858
0.27749999999999997,USNM 859319
0.27749999999999997,EOLID:27801
0.27749999999999997,USMN 119
0.27749999999999997,AMNH 2438
0.27749999999999997,USNM 228133
0.27749999999999997,USNM 149140
0.27749999999999997,EOLID:11519242
0.27749999999999997,USNM 579877
0.27749999999999997,EOLID:30775
0.27749999999999997,FMNH PE 60832
0.27749999999999997,EOLID:344820
0.27749999999999997,USNM 21903
0.27749999999999997,EOLID:10950178
0.27749999999999997,FMNH 299441
0.27749999999999997,FMNH 2002
0.27749999999999997,USNM 764750
0.27749999999999997,EOLID:4564052
0.27749999999999997,USNM 46962
0.27749999999999997,EOLID:1178993
0.27749999999999997,AMNH 46599
0.27749999999999997,IOWA 65
0.27749999999999997,AMNH LIBRARY 100122650
0.27749999999999997,USNM 311191
0.27749999999999997,USNM 5690
0.27749999999999997,FMNH UP 2054
0.27749999999999997,EOLID:10719302
0.27749999999999997,EOLID:11015726
0.27749999999999997,USNM 4720
0.27749999999999997,USNM 2672
0.27749999999999997,EOLID:4633193
0.27749999999999997,EOLID:4531374
0.27749999999999997,EOLID:83002
0.27749999999999997,EOLID:323945
0.27749999999999997,ALECTO tUollOt 01110
0.27749999999999997,USNM 122206
0.27749999999999997,EOLID:78009
0.27749999999999997,EOLID:209351
0.27749999999999997,EOLID:11107102
0.27749999999999997,EOLID:8827463
0.27749999999999997,USNM 579875
0.27749999999999997,FMNH 47398
0.27749999999999997,EOLID:19871
0.27749999999999997,XIX ..
0.27749999999999997,MSNG 19632
0.27749999999999997,EOLID:18543788
0.27749999999999997,JNESTOR ES 5
0.27749999999999997,EOLID:3088781
0.27749999999999997,EOLID:35433
0.27749999999999997,PERCIS PUNCTATA 2
0.27749999999999997,IVPP V 12615
0.27749999999999997,USNM 760617
0.27749999999999997,EOLID:25439
0.27749999999999997,EOLID:11076798
0.27749999999999997,TOLL 3
0.27749999999999997,LACM 17712
0.27749999999999997,EOLID:101723
0.27749999999999997,FMNH 23970
0.27749999999999997,FMNH PE 60440
0.27749999999999997,USNM PAL 57721
0.27749999999999997,EOLID:11112247
0.27749999999999997,EOLID:16482
0.27749999999999997,EOLID:456350
0.27749999999999997,EOLID:9113052
0.27749999999999997,AFRICAN ANTHURIDEA 183
0.27749999999999997,EOLID:29567
0.27749999999999997,EOLID:216876
0.27749999999999997,EOLID:918590
0.27749999999999997,EOLID:104845
0.27749999999999997,MIDDLE EAST 123
0.27749999999999997,EOLID:4813168
0.27749999999999997,MCZ 1000133
0.27749999999999997,EOLID:28495
0.27749999999999997,MCZ 257176
0.27749999999999997,AMNH 666
0.27749999999999997,GOBIUS OHNATUS 2
0.27749999999999997,AMNH 1713
0.27749999999999997,AMNH 5238
0.27749999999999997,AMNH 4557
0.27749999999999997,EOLID:48706
0.27749999999999997,AMNH 59927
0.27749999999999997,BUDORCAS TAXICOLOR .
0.27749999999999997,USNM 764706
0.27749999999999997,EOLID:74142
0.27749999999999997,EOLID:41549
0.27749999999999997,USNM PAL 136439
0.27749999999999997,AMNH 248081
0.27749999999999997,EOLID:25457
0.27749999999999997,XXX 111
0.27749999999999997,AMNH LIBRARY 00115433
0.27749999999999997,SAVALA 5
0.27749999999999997,AMNH 5404
0.27749999999999997,TPWS .
0.27749999999999997,EOLID:225984
0.27749999999999997,USNM 1000158
0.27749999999999997,FMNH PR 2597
0.27749999999999997,USNM 7484
0.27749999999999997,EOLID:11034560
0.27749999999999997,EOLID:20168
0.27749999999999997,EOLID:36168
0.27749999999999997,MCZ 8893
0.27749999999999997,MOR 980
0.27749999999999997,AMNH 140334
0.27749999999999997,EOLID:205334
0.27749999999999997,USA 68
0.27749999999999997,USNM 171731
0.27749999999999997,OISE 11
0.27749999999999997,VGOS diftbrmc 6
0.27749999999999997,EOLID:24230
0.27749999999999997,USNM 888672
0.27749999999999997,USNM 188552
0.27749999999999997,AMNH 9516
0.27749999999999997,NHM 1997.724
0.27749999999999997,BMNH 1913.9.16.9
0.27749999999999997,EOLID:13196806
0.27749999999999997,EOLID:14320
0.27749999999999997,EOLID:4495853
0.27749999999999997,EOLID:24535
0.27749999999999997,AMNH 93
0.27749999999999997,USNM 411543
0.27749999999999997,EOLID:2988090
0.27749999999999997,USNM 307255
0.27749999999999997,EOLID:20531544
0.27749999999999997,VOI .
0.27749999999999997,EOLID:225844
0.27749999999999997,AMNH 6341
0.27749999999999997,AMNH 3101
0.27749999999999997,USNM 44940
0.27749999999999997,EOLID:223848
0.27749999999999997,EOLID:10728539
0.27749999999999997,EOLID:57937
0.27749999999999997,EOLID:18843
0.27749999999999997,EOLID:5517337
0.27749999999999997,AMNH LIBRARY 00115428
0.27749999999999997,USNM 604526
0.27749999999999997,FROM ETHIOPIA 13
0.27749999999999997,EOLID:595071
0.27749999999999997,AMNH 62612
0.27749999999999997,USNM PAL 57716
0.27749999999999997,USNM 310961
0.27749999999999997,EOLID:979275
0.27749999999999997,MCZ 100136
0.27749999999999997,EOLID:11049862
0.27749999999999997,SHORTT 1863
0.27749999999999997,EOLID:8947540
0.27749999999999997,USNM PAL 60092
0.27749999999999997,EOLID:61962
0.27749999999999997,EOLID:14657
0.27749999999999997,SMF 96387
0.27749999999999997,USNM 97652
0.27749999999999997,EOLID:1198589
0.27749999999999997,HAFFAKA 2
0.27749999999999997,EOLID:1012937
0.27749999999999997,MCZ 9156
0.27749999999999997,AMNH 5245
0.27749999999999997,MCZ 10016
0.27749999999999997,MNHNP 0.742
0.27749999999999997,AMNH 4570
0.27749999999999997,USNM 97553
0.27749999999999997,EOLID:2920729
0.27749999999999997,ANSP 211688
0.27749999999999997,EOLID:16660
0.27749999999999997,ZMB 11348
0.27749999999999997,JEP 8003
0.27749999999999997,EOLID:206890
0.27749999999999997,EOLID:35530
0.27749999999999997,NARCINE TIMLEI 4..
0.27749999999999997,EOLID:2568183
0.27749999999999997,JSS 6
0.27749999999999997,AMNH 6084
0.27749999999999997,USNM PAL 57490
0.27749999999999997,EOLID:19421
0.27749999999999997,EOLID:11060416
0.27749999999999997,VIL 1972
0.27749999999999997,EOLID:17798
0.27749999999999997,FMNH PF 7445
0.27749999999999997,AMNH in 1928
0.27749999999999997,EOLID:25221
0.27749999999999997,EOLID:10717620
0.27749999999999997,EOLID:795280
0.27749999999999997,DULES MARGINATUS 2
0.27749999999999997,EOLID:34884
0.27749999999999997,FMNH 128950
0.27749999999999997,CYBIUM KUHLIL 3
0.27749999999999997,EOLID:23997
0.27749999999999997,EOLID:11028190
0.27749999999999997,EOLID:57673
0.27749999999999997,AMNH FARB 21786
0.27749999999999997,ZIN 91190
0.27749999999999997,USNM 4822
0.27749999999999997,USNM 170272
0.27749999999999997,FMNH PR 1821
0.27749999999999997,EOLID:14233
0.27749999999999997,EOLID:994403
0.27749999999999997,MBI 373
0.27749999999999997,EOLID:4454839
0.27749999999999997,CONABIO 1999
0.27749999999999997,SCLENA MILES 6
0.27749999999999997,EOLID:99524
0.27749999999999997,AMNH 11892
0.27749999999999997,FMNH 11053
0.27749999999999997,FMNH PF 3895
0.27749999999999997,HDR 2.3.0
0.27749999999999997,FMNH Me 881
0.27749999999999997,EOLID:213566
0.27749999999999997,AMNH 27631
0.27749999999999997,EOLID:2660064
0.27749999999999997,AMNH 4991
0.27749999999999997,USNM 369
0.27749999999999997,APEX 10
0.27749999999999997,AMNH 5753
0.27749999999999997,FMNH Me 1442
0.27749999999999997,EOLID:11030987
0.27749999999999997,EOLID:103397
0.27749999999999997,EOLID:92792
0.27749999999999997,GROUP 25
0.27749999999999997,USNM 573675
0.27749999999999997,GRAY 1849
0.27749999999999997,BARCA 3
0.27749999999999997,USNM PAL 60090
0.27749999999999997,EOLID:205203
0.27749999999999997,EOLID:25741
0.27749999999999997," *(many)http://bins.boldsystems.org/index.php/Public_RecordView?processid=MHMYD1908-09"
0.27749999999999997,EOLID:11117140
0.27749999999999997,FMNH 82165
0.27749999999999997,EOLID:24590
0.27749999999999997,EOLID:28347
0.27749999999999997,EOLID:11519300
0.27749999999999997,PLICATA GROUP 103
0.27749999999999997,USNM 160414
0.27749999999999997,EOLID:92962
0.27749999999999997,EOLID:11067161
0.27749999999999997,AMNH 6553
0.27749999999999997,MGNP 2438
0.27749999999999997,AMNH 7651
0.27749999999999997,USNM 60292
0.27749999999999997,MCZ 161735
0.27749999999999997,FMNH 9271
0.27749999999999997,FMNH PP 29326
0.27749999999999997,EOLID:13271618
0.27749999999999997,AMNH 8465
0.27749999999999997,FMNH 33449
0.27749999999999997,EOLID:4616531
0.27749999999999997,USNM 73917
0.27749999999999997,EOLID:25825
0.27749999999999997,EOLID:57619
0.27749999999999997,HISPIDUS 3
0.27749999999999997,EOLID:24994
0.27749999999999997,EOLID:9076208
0.27749999999999997,EOLID:10720951
0.27749999999999997,USA 50
0.27749999999999997,USNM 413715
0.27749999999999997,MCZ 1503
0.27749999999999997,AMNH 70928
0.27749999999999997,EOLID:26260
0.27749999999999997,USNM 696802
0.27749999999999997,CHLAMYS 209
0.27749999999999997,USNM 99068
0.27749999999999997,EOLID:57754
0.27749999999999997,ZIN 91205
0.27749999999999997,MCZ 50690
0.27749999999999997,EOLID:211723
0.27749999999999997,EOLID:13798
0.27749999999999997,AMNH 143783
0.27749999999999997,EOLID:4324581
0.27749999999999997,AMNH 5664
0.27749999999999997,AMNH 4550
0.27749999999999997,EOLID:218749
0.27749999999999997,EOLID:4749399
0.27749999999999997,EOLID:1019146
0.27749999999999997,EOLID:13075794
0.27749999999999997,EOLID:23913
0.27749999999999997,NGMC 2127
0.27749999999999997,AMNH 7136
0.27749999999999997,AMNH 17532
0.27749999999999997,VIT .
0.27749999999999997,SIGMA 7
0.27749999999999997,EOLID:85152
0.27749999999999997,USNM 894281
0.27749999999999997,EOLID:592668
0.27749999999999997,CCCLXXI .
0.27749999999999997,EOLID:23706
0.27749999999999997,FMNH 41501
0.27749999999999997,EOLID:13249108
0.27749999999999997,USNM 160302
0.27749999999999997,AMNH 6177
0.27749999999999997,MCZ 155851
0.27749999999999997,EOLID:4262530
0.27749999999999997,USNM 859318
0.27749999999999997,EOLID:10719936
0.27749999999999997,FMNH PP 43943
0.27749999999999997,EOLID:35263
0.27749999999999997,EOLID:19745524
0.27749999999999997,EOLID:10732153
0.27749999999999997,EOLID:36945
0.27749999999999997,EOLID:11519208
0.27749999999999997,USNM 859314
0.27749999999999997,EOLID:43724
0.27749999999999997,BMNH 1940.2.20.32
0.27749999999999997,AMNH 0044
0.27749999999999997,SNM 181179
0.27749999999999997,USNM 25658
0.27749999999999997,EOLID:212199
0.27749999999999997,ACUTUS 4
0.27749999999999997,EOLID:58242
0.27749999999999997,ARMATUS 3
0.27749999999999997,EOLID:15003
0.27749999999999997,USNM 404722
0.27749999999999997,EOLID:2870106
