page rank, identifier
292.76675000000336,"Museum of Comparative Zoology, Harvard University"
258.8050000000023,SEMC
140.59125000000063,Invertebrate Zoology
108.33162499999956,ANTWEB
97.5153749999999,IZ
88.53937499999986,KUH
78.79837499999971,Harvard University
75.96999999999983,Herps
73.14374999999983,BOT
70.78641666666648,HERP
70.57249999999985,KANU
70.23250000000003,Plants
69.70124999999983,Birds
68.73437499999984,Herpetology
63.53450000000007,Mala
62.837499999999864,Fish
58.49400000000002,Herp
57.5659062499999,Insects
54.439499999999995,Orn
51.997874999999894,Mammals
50.002500000000005,NCSU
49.14187499999991,CONN
46.77249999999992,KUM
45.64624999999993,ENT
45.348749999999995,OSAC
44.95403124999992,Eggs
38.824999999999946,TAMUIC
37.40124999999995,DS
34.922224999999955,KUMIP
34.022499999999965,ICH
33.873750000000015,"Museum of Comparative Zoology, H"
31.578749999999967,DMNS
30.686250000000012,AMNH
29.863875000000032,GH
29.432499999999976,fish
29.398499999999952,IP
29.241249999999987,CSUC
28.926750000000045,"CASC, San Francisco, CA, USA"
28.91612499999997,Ent
27.817499999999963,Ich
26.542499999999986,ORN
24.804250000000028,A
24.651249999999987,NMSU
24.336750000000027,JTLC
23.966999999999988,NCSM
23.705625000000015,FH
23.185,UCMC
20.231250000000017,Fishes
18.000000000000004,SU (ICH)
17.24403125000001,YU
16.470000000000006,Bird
16.300000000000004,Ichthyology
15.620000000000005,TTU-Z
15.195000000000002,Botany
14.982500000000009,UAIC
14.394725000000006,ASUHIC
14.073000000000008,Mamm
14.047500000000005,MSBA
13.070000000000004,ILLS
12.815000000000005,NEBC
12.485625000000004,KUI
11.922500000000005,mollusk
11.707875000000008,NCSM-Fishes
11.274375000000001,Mites
11.072500000000002,Fungi
10.636874999999998,ANIC
10.477500000000004,LOT
9.584999999999999,CUIC
9.4575,UDCC
8.9475,UCR
8.373750000000003,NAUF
8.352500000000003,CBS
7.991249999999998,UK
7.86375,MEMU
7.842500000000002,MAM
7.672499999999999,PZSL 1848
7.545000000000001,SUR
7.48125,Florida State University
6.831000000000003,NCSM-Herp
6.78,EOLID:11119143
6.695000000000001,SUA
6.652500000000001,NPS
5.95125,BPBM
5.505000000000001,AMNH specimen 5116
5.504999999999999,UCB
5.3774999999999995,AMNH specimen 5027
5.25,KBVE-SRBE
5.25,SIIS
4.93125,CMNH
4.899375000000001,CSCA
4.74,BYUC
4.676249999999999,INBio
4.2299999999999995,Arthropods
4.145,NCU
3.9750000000000005,NCSM-Invert
3.966499999999999,AMES
3.9325,crustacean
3.879375,urn:lsid:biosci.ohio-state.edu:osuc_names:605
3.7837499999999995,urn:lsid:biosci.ohio-state.edu:osuc_names:111120
3.337499999999999,EOLID:39513
3.114375,CAS
2.967749999999999,KUIT
2.63625,FSU
2.5725000000000002,NCSM-Mammals
2.23090625,urn:lsid:biosci.ohio-state.edu:osuc_names:13712
2.0624999999999996,EOLID:2312
2.0306249999999997,urn:lsid:biosci.ohio-state.edu:osuc_names:13556
1.9987499999999998,UMAM
1.9349999999999998,EOLID:4752261
1.9349999999999996,AMNH 460
1.9349999999999996,EOLID:15503955
1.8393749999999995,EPEC
1.8074999999999999,VP
1.8074999999999997,EOLID:25467
1.5843749999999999,"MHNG, Geneva, Switzerland"
1.5525,EOLID:2979542
1.5524999999999998,MSN 1332
1.5524999999999993,USNM 874926
1.4674999999999998,L
1.4249999999999996,urn:lsid:biosci.ohio-state.edu:osuc_names:461
1.329375,MGBPC
1.2974999999999999,AMNH 5895
1.2974999999999999,urn:lsid:biosci.ohio-state.edu:osuc_names:496
1.23375,"BMNH, London, U. K."
1.2124999999999997,herbarium
1.17,EOLID:30655
1.17,AMNH 5027
1.17,EOLID:11021483
1.048875,Ornithology
1.0425,EOLID:10999588
1.0425,BYU
1.0106249999999999,"UCDC, Davis, CA, USA"
1.0106249999999999,JDM
1.0106249999999999,urn:lsid:biosci.ohio-state.edu:osuc_names:297035
0.9994334078112798,
0.9468749999999998,urn:lsid:biosci.ohio-state.edu:osuc_names:108
0.915,EOLID:35256
0.915,EOLID:10720404
0.915,EOLID:2567084
0.9149999999999999,USNM 414915
0.9149999999999999,USNM 2673
0.9149999999999999,Amphibians
0.9149999999999999,AMNH 24000
0.9149999999999999,MMPC
0.8831249999999998,urn:lsid:biosci.ohio-state.edu:osuc_names:15243
0.8831249999999998,urn:lsid:biosci.ohio-state.edu:osuc_names:15368
0.85125,urn:lsid:biosci.ohio-state.edu:osuc_names:295195
0.85125,PDA
0.8512499999999998,UMNH
0.8512499999999998,urn:lsid:biosci.ohio-state.edu:osuc_names:487
0.8512499999999997,urn:lsid:biosci.ohio-state.edu:osuc_names:15379
0.8512499999999997,EMSC
0.8193749999999999,urn:lsid:biosci.ohio-state.edu:osuc_names:295703
0.8193749999999999,urn:lsid:biosci.ohio-state.edu:osuc_names:296303
0.798125,USNM
0.7875,VIAF 17171050
0.7875,EOLID:2570710
0.7875,USNM:Herp:533614
0.7875,urn:lsid:biosci.ohio-state.edu:osuc_names:556
0.7875,AMNH 5214
0.7875,EOLID:11096836
0.7874999999999999,"OIST, Okinawa, Japan"
0.7874999999999999,LACM
0.76625,MNHN-RA-0.742
0.755625,urn:lsid:biosci.ohio-state.edu:osuc_names:13800
0.7556249999999999,"NHMB, Basel, Switzerland"
0.7556249999999999,Reptiles
0.7237499999999999,urn:lsid:biosci.ohio-state.edu:osuc_names:15236
0.691875,urn:lsid:biosci.ohio-state.edu:osuc_names:296770
0.66,EOLID:11022548
0.66,AMNH 5730
0.66,FMNH P 24
0.66,EOLID:41555
0.66,MCZ 9169
0.66,ISO 100
0.66,AMNH 6516
0.66,AMNH 3024
0.66,USNM 578171
0.66,USNM 171103
0.66,EOLID:11080335
0.6599999999999999,http://biimages.biodiversity.ku.edu/static/Entomology/originals/sp6-1906610478252070217.att.JPG
0.6599999999999999,http://biimages.biodiversity.ku.edu/static/Entomology/originals/sp65680917291457919967.att.JPG
0.64565625,http://collections.peabody.yale.edu/search/Record/YU.051351
0.6281249999999999,"PSWC, Davis, CA, USA"
0.6281249999999999,SOSC
0.6281249999999999,urn:lsid:biosci.ohio-state.edu:osuc_names:111121
0.59625,TERC
0.59625,urn:lsid:biosci.ohio-state.edu:osuc_names:575
0.59625,urn:lsid:biosci.ohio-state.edu:osuc_names:589
0.59625,urn:lsid:biosci.ohio-state.edu:osuc_names:455
0.575,B
0.575,http://coldb.mnhn.fr/catalognumber/mnhn/ra/0.742
0.564375,urn:lsid:biosci.ohio-state.edu:osuc_names:7836
0.564375,urn:lsid:biosci.ohio-state.edu:osuc_names:474
0.564375,urn:lsid:biosci.ohio-state.edu:osuc_names:370
0.564375,"MSNG, Genoa, Italy"
0.564375,urn:lsid:biosci.ohio-state.edu:osuc_names:297418
0.5325,EOLID:1178488
0.5325,urn:lsid:biosci.ohio-state.edu:osuc_names:296309
0.5325,AMNH 5220
0.5325,EOLID:14395
0.5325,urn:lsid:biosci.ohio-state.edu:osuc_names:544
0.5325,FMNH 282818
0.5325,AMNH 3160
0.5325,EOLID:1048435
0.5325,EOLID:15506481
0.5325,urn:lsid:biosci.ohio-state.edu:osuc_names:15279
0.5325,USNM 123392
0.5325,MCZ 8290
0.5325,EOLID:57860
0.5325,FMNH Me 2259
0.5325,AMNH 650
0.5325,USNM 2412
0.5325,AMNH 5427
0.5325,EOLID:2867241
0.5325,EOLID:3773708
0.5325,AMNH 5405
0.5325,FMNH 99071
0.5325,EOLID:13038
0.5325,EOLID:11084094
0.5325,EOLID:35924
0.5325,USNM 572502
0.5325,AMNH 5337
0.5325,EOLID:11021890
0.5325,"MCZC, Cambridge, MA, USA"
0.5325,EOLID:19891
0.507,Cryo
0.500625,urn:lsid:biosci.ohio-state.edu:osuc_names:7843
0.500625,urn:lsid:biosci.ohio-state.edu:osuc_names:296313
0.500625,urn:lsid:biosci.ohio-state.edu:osuc_names:295753
0.5006249999999999,urn:lsid:biosci.ohio-state.edu:osuc_names:95
0.5006249999999999,MCZC
0.47124999999999995,USNM ENT 00873051
0.46875,urn:lsid:biosci.ohio-state.edu:osuc_names:15208
0.46875,urn:lsid:biosci.ohio-state.edu:osuc_names:297230
0.46875,urn:lsid:biosci.ohio-state.edu:osuc_names:9375
0.46875,TAMU
0.4687499999999999,urn:lsid:biosci.ohio-state.edu:osuc_names:148
0.4687499999999999,urn:lsid:biosci.ohio-state.edu:osuc_names:296525
0.4687499999999999,urn:lsid:biosci.ohio-state.edu:osuc_names:67
0.4687499999999999,urn:lsid:biosci.ohio-state.edu:osuc_names:295587
0.4687499999999999,urn:lsid:biosci.ohio-state.edu:osuc_names:296698
0.4687499999999999,urn:lsid:biosci.ohio-state.edu:osuc_names:295699
0.4475,MNHN 0.742
0.436875,"ABS, Lake Placid, FL, USA"
0.436875,urn:lsid:biosci.ohio-state.edu:osuc_names:504
0.436875,"USNM, Washington, DC, USA"
0.436875,urn:lsid:biosci.ohio-state.edu:osuc_names:296709
0.436875,urn:lsid:biosci.ohio-state.edu:osuc_names:296147
0.415625,ECON
0.405,MCZ 072063
0.405,EOLID:32705
0.405,GRAY 1855
0.405,INBS 3830
0.405,FMNH PF 5686
0.405,USNM 874932
0.405,urn:lsid:biosci.ohio-state.edu:osuc_names:179203
0.405,AMNH 969
0.405,USNM 310585
0.405,EOLID:11018392
0.405,USNM 71367
0.405,USNM 215649
0.405,DECEMBER 1969
0.405,TMP 1992.082.0001
0.405,SCHLEGEL 1837
0.405,VIAF 243450000
0.405,urn:lsid:biosci.ohio-state.edu:osuc_names:296686
0.405,USNM 579874
0.405,EOLID:14452
0.405,EOLID:13173217
0.405,AMNH FR 30630
0.405,EOLID:38592
0.405,JEP Boeing 777
0.405,OUZC 1633
0.405,EOLID:24030
0.405,EOLID:2988518
0.405,ISBN 0
0.405,USNM 12
0.405,MCZ 3408
0.405,EOLID:4759043
0.405,AMNH 5240
0.405,FSI 5
0.405,USNM 65066
0.405,urn:lsid:biosci.ohio-state.edu:osuc_names:295871
0.405,FMNH PE 55318
0.405,EOLID:39469
0.405,AMNH 18650
0.405,EOLID:11055578
0.405,AMNH 16
0.405,AMNH 6120
0.405,EOLID:10711852
0.405,USA 141
0.405,EOLID:39388
0.405,USNM 170981
0.405,AMNH 29074
0.405,EOLID:34806
0.405,USNM PAL 60086
0.405,FMNH PE 60837
0.405,AMNH 1696
0.405,USNM 131814
0.405,urn:lsid:biosci.ohio-state.edu:osuc_names:296570
0.405,MCZ 32370
0.405,EOLID:11086947
0.405,5
0.405,MVZ 155199
0.405,USNM 859315
0.405,EOLID:4757476
0.405,USNM 3814
0.405,AMNH 5850
0.405,FMNH PP 33689
0.405,EOLID:112874
0.405,AMNH 3998
0.405,AMNH 46594
0.405,EOLID:4856646
0.405,AMNH 9631
0.405,AMNH 5401
0.405,EOLID:795410
0.405,FMNH P 26228
0.405,IRSNB M 167
0.405,EOLID:108134
0.405,AFS 3
0.405,EOLID:34859
0.405,USNM 1
0.405,EOLID:10711744
0.405,FMNH 13897
0.405,urn:lsid:biosci.ohio-state.edu:osuc_names:284
0.405,USNM 171034
0.405,RAM 14000
0.405,EOLID:4700774
0.405,EOLID:20566
0.405,EOLID:4873050
0.405,C4B16364-C5A0-47FB-9A79-EB5FEDAED686/1101
0.405,C58F2311-5C35-4962-9EF0-BB09A21226D6/654
0.405,USNM 125945
0.405,MCZ 17439
0.405,USNM 578190
0.405,EOLID:14349
0.405,urn:lsid:biosci.ohio-state.edu:osuc_names:295723
0.405,VIAF 46014703
0.405,EOLID:2546295
0.405,FMNH PP 33636
0.405,EOLID:12112274
0.405,AMNH 5403
0.405,FMNH PE 37598
0.405,USNM 4934
0.405,EOLID:50301
0.405,AMNH 6515
0.405,AMNH 5060
0.405,USNM 153400
0.405,EOLID:15711
0.405,EOLID:58457
0.405,EOLID:9103592
0.405,MCZ 181161
0.405,AMNH 29051
0.405,FMNH PP 53399
0.405,EOLID:14284
0.405,AMNH LIBRARY 100101322
0.405,AMNH 4569
0.405,AMNH 4985
0.405,EOLID:62651
0.405,USA 180
0.405,EOLID:1722
0.405,USNM 180947
0.405,EOLID:206776
0.405,USNM 1000153
0.405,USNM 180241
0.405,EOLID:24839
0.405,EOLID:14481
0.405,AMNH 5340
0.405,EOLID:13966
0.405,EOLID:11020233
0.405,EOLID:15085
0.405,USNM 502382
0.405,USNM 238008
0.405,USNM 117384
0.405,EOLID:57589
0.405,EOLID:34550
0.405,AMNH 1
0.405,MCZ LIBRARYHARV 0
0.405,AMNH 22555
0.405,EOLID:213810
0.405,FMNH PE 37647
0.405,AMNH 3856
0.405,USNM 867015
0.405,AMNH 6517
0.405,IRCW
0.405,AMNH 26
0.405,FMNH PE 60828
0.405,MCZ 161803
0.405,EOLID:104480
0.405,EOLID:17017251
0.405,FMNH 70726
0.405,AMNH 9522
0.405,LACM 62
0.405,urn:lsid:biosci.ohio-state.edu:osuc_names:295520
0.405,EOLID:221719
0.405,USNM 582493
0.405,AMNH 29076
0.405,urn:lsid:biosci.ohio-state.edu:osuc_names:295785
0.405,EOLID:208483
0.405,EOLID:24025
0.405,EOLID:11621353
0.405,USNM 180245
0.405,LBOB
0.405,ALM on 2
0.405,EOLID:11039101
0.405,USNM 108462
0.4049999999999999,urn:lsid:biosci.ohio-state.edu:osuc_names:7851
0.38587499999999997,1131848A-4E5F-441A-85C6-937F04B1EFB8/1190
0.38587499999999997,7840B491-A737-445A-8F6D-6CD616B1CDF8/1078
0.373125,urn:lsid:biosci.ohio-state.edu:osuc_names:185037
0.373125,urn:lsid:biosci.ohio-state.edu:osuc_names:81
0.373125,http://biimages.biodiversity.ku.edu/static/Entomology/originals/sp6-162841055964884232.att.JPG
0.373125,urn:lsid:biosci.ohio-state.edu:osuc_names:296768
0.373125,urn:lsid:biosci.ohio-state.edu:osuc_names:296957
0.373125,urn:lsid:biosci.ohio-state.edu:osuc_names:296407
0.373125,urn:lsid:biosci.ohio-state.edu:osuc_names:257775
0.37312499999999993,urn:lsid:biosci.ohio-state.edu:osuc_names:297040
0.37312499999999993,Wetterer
0.37312499999999993,urn:lsid:biosci.ohio-state.edu:osuc_names:296756
0.37312499999999993,urn:lsid:biosci.ohio-state.edu:osuc_names:456
0.37312499999999993,http://biimages.biodiversity.ku.edu/static/Entomology/originals/sp6-8129601273423195551.att.JPG
0.37312499999999993,urn:lsid:biosci.ohio-state.edu:osuc_names:294950
0.371,61394
0.3625,2906
0.36249999999999993,57405
0.36249999999999993,Semc
0.34985625000000004,http://www.gbif.org/species/6163936
0.3455,18326
0.34125,urn:lsid:biosci.ohio-state.edu:osuc_names:295242
0.34125,http://biimages.biodiversity.ku.edu/static/Entomology/originals/sp67353850662133345568.att.JPG
0.34125,urn:lsid:biosci.ohio-state.edu:osuc_names:296780
0.34125,urn:lsid:biosci.ohio-state.edu:osuc_names:128379
0.34125,urn:lsid:biosci.ohio-state.edu:osuc_names:295540
0.34125,urn:lsid:biosci.ohio-state.edu:osuc_names:268634
0.34125,urn:lsid:biosci.ohio-state.edu:osuc_names:297786
0.34125,"MNHN, Paris, France"
0.34125,P. Hernandez
0.34124999999999994,29943
0.34124999999999994,669367
0.34124999999999994,urn:lsid:biosci.ohio-state.edu:osuc_names:296464
0.34124999999999994,642726
0.34124999999999994,LSU
0.34124999999999994,1032802
0.34124999999999994,KU
0.34124999999999994,urn:lsid:biosci.ohio-state.edu:osuc_names:253829
0.34124999999999994,944022
0.34124999999999994,urn:lsid:biosci.ohio-state.edu:osuc_names:315665
0.34124999999999994,urn:lsid:biosci.ohio-state.edu:osuc_names:180528
0.34124999999999994,1036096
0.34124999999999994,urn:lsid:biosci.ohio-state.edu:osuc_names:15214
0.34124999999999994,1158857
0.34124999999999994,urn:lsid:biosci.ohio-state.edu:osuc_names:296530
0.34124999999999994,http://biimages.biodiversity.ku.edu/static/Entomology/originals/sp6-4441045051960002523.att.JPG
0.34124999999999994,618783
0.34124999999999994,urn:lsid:biosci.ohio-state.edu:osuc_names:549
0.33168749999999997,77C59158-E7C9-4FF2-9EBE-7635FAB447DD/1066
0.33062499999999995,526
0.33062499999999995,26752
0.32425000000000004,143521
0.32,893165
0.32,85279
0.32,5999
0.32,35883
0.31999999999999995,199010-Mollusca
0.31999999999999995,A632AAA1-BDFD-410C-9CB2-4A40339D1149/18
0.31999999999999995,urn:catalog:CAS:ENT:8040886
0.31999999999999995,http://biimages.biodiversity.ku.edu/static/Entomology/originals/sp6615991346441010665.att.JPG
0.31999999999999995,122451
0.31999999999999995,92055
0.31999999999999995,36936
0.31999999999999995,7112
0.31999999999999995,944578
0.31999999999999995,709418
0.31999999999999995,49559
0.31999999999999995,653287
0.31999999999999995,52430
0.31999999999999995,1304445
0.31999999999999995,54582
0.31999999999999995,625362
0.31999999999999995,44373
0.31999999999999995,668599
0.31999999999999995,83062
0.31999999999999995,103280
0.31999999999999995,MNHN RA 0.742
0.31999999999999995,DACD1007-9778-449C-A620-27E2A3F29BF8/385
0.31999999999999995,urn:catalog:CAS:BOT:596408
0.31999999999999995,613038
0.31999999999999995,127691
0.31999999999999995,39199
0.31999999999999995,43724
0.31999999999999995,702746
0.31999999999999995,40955
0.30937499999999996,urn:lsid:biosci.ohio-state.edu:osuc_names:309878
0.30937499999999996,urn:lsid:biosci.ohio-state.edu:osuc_names:606
0.30937499999999996,urn:lsid:biosci.ohio-state.edu:osuc_names:295444
0.30937499999999996,urn:lsid:biosci.ohio-state.edu:osuc_names:150
0.30937499999999996,http://biimages.biodiversity.ku.edu/static/Entomology/originals/sp68150451393594757043.att.JPG
0.30937499999999996,urn:lsid:biosci.ohio-state.edu:osuc_names:179656
0.30937499999999996,urn:lsid:biosci.ohio-state.edu:osuc_names:527
0.30937499999999996,urn:lsid:biosci.ohio-state.edu:osuc_names:251380
0.30937499999999996,http://biimages.biodiversity.ku.edu/static/Entomology/originals/sp62104517869922904298.att.JPG
0.30937499999999996,60683
0.30937499999999996,http://biimages.biodiversity.ku.edu/static/Entomology/originals/sp6-2756754494978592696.att.JPG
0.30937499999999996,http://biimages.biodiversity.ku.edu/static/Entomology/originals/sp63604204840686628620.att.JPG
0.30937499999999996,urn:lsid:biosci.ohio-state.edu:osuc_names:295804
0.30937499999999996,urn:lsid:biosci.ohio-state.edu:osuc_names:562
0.30937499999999996,http://biimages.biodiversity.ku.edu/static/Entomology/originals/sp6-2294508430064231109.att.JPG
0.30937499999999996,41817
0.30937499999999996,urn:lsid:biosci.ohio-state.edu:osuc_names:295665
0.30937499999999996,urn:lsid:biosci.ohio-state.edu:osuc_names:235160
0.30937499999999996,urn:lsid:biosci.ohio-state.edu:osuc_names:279257
0.30937499999999996,urn:lsid:biosci.ohio-state.edu:osuc_names:297116
0.30937499999999996,urn:lsid:biosci.ohio-state.edu:osuc_names:15339
0.30937499999999996,urn:lsid:biosci.ohio-state.edu:osuc_names:296990
0.30937499999999996,http://biimages.biodiversity.ku.edu/static/Entomology/originals/sp67593452339947234284.att.JPG
0.30937499999999996,urn:lsid:biosci.ohio-state.edu:osuc_names:234841
0.30937499999999996,urn:lsid:biosci.ohio-state.edu:osuc_names:296752
0.30937499999999996,urn:lsid:biosci.ohio-state.edu:osuc_names:103
0.30937499999999996,561724
0.30937499999999996,urn:lsid:biosci.ohio-state.edu:osuc_names:15330
0.30937499999999996,http://biimages.biodiversity.ku.edu/static/Entomology/originals/sp68048718108055012516.att.JPG
0.30937499999999996,NHMV
0.30937499999999996,07C49766-D9E5-403F-92A8-B7BA9C4AC1AB/18
0.30937499999999996,632927
0.30937499999999996,http://biimages.biodiversity.ku.edu/static/Entomology/originals/sp68451288444331483666.att.JPG
0.30937499999999996,urn:lsid:biosci.ohio-state.edu:osuc_names:475
0.30937499999999996,urn:lsid:biosci.ohio-state.edu:osuc_names:296451
0.30937499999999996,urn:lsid:biosci.ohio-state.edu:osuc_names:295523
0.30937499999999996,urn:lsid:biosci.ohio-state.edu:osuc_names:156
0.30937499999999996,urn:lsid:biosci.ohio-state.edu:osuc_names:467
0.30937499999999996,urn:lsid:biosci.ohio-state.edu:osuc_names:127
0.30937499999999996,"ANIC, Canberra, Australia"
0.30937499999999996,urn:lsid:biosci.ohio-state.edu:osuc_names:295252
0.30937499999999996,urn:lsid:biosci.ohio-state.edu:osuc_names:13787
0.303,115974
0.303,57285
0.303,214730
0.303,109996
0.303,504727
0.303,517247
0.303,MCZ:Orn:123977
0.303,15EB0A21-C5C2-4588-B254-F8A893006A60/1804
0.303,128676
0.303,115583
0.303,614994
0.303,106051
0.29874999999999996,32573
0.29874999999999996,23337
0.29874999999999996,49932
0.29874999999999996,25008
0.29874999999999996,17851
0.29874999999999996,15104
0.29874999999999996,99117
0.29874999999999996,62869
0.29874999999999996,43266
0.29874999999999996,173455
0.29874999999999996,22098
0.29874999999999996,222240
0.29874999999999996,58612
0.29874999999999996,18889
0.29874999999999996,17573
0.29874999999999996,5892
0.29874999999999996,193529
0.29874999999999996,568
0.29874999999999996,13237
0.29874999999999996,19767
0.29874999999999996,81957
0.29874999999999996,59001
0.29874999999999996,45144
0.29874999999999996,109202
0.29874999999999996,56248
0.29874999999999996,20308
0.29874999999999996,98107
0.29874999999999996,53900
0.29874999999999996,18460
0.29874999999999996,2900
0.29874999999999996,20074
0.29874999999999996,2513
0.29874999999999996,32777
0.29874999999999996,160221
0.29874999999999996,91280
0.29874999999999996,380109
0.29874999999999996,355059
0.29874999999999996,11509
0.29874999999999996,47309
0.29556249999999995,138041
0.28812499999999996,111561
0.28812499999999996,24681
0.28812499999999996,51580
0.28812499999999996,65442
0.286,53039
0.28175,216497
0.28175,15521
0.28175,130672
0.28175,7616
0.28175,11765
0.28175,259762
0.28175,111049
0.28175,187178
0.28175,165314
0.28175,103961
0.28175,15766
0.28175,251296
0.28175,128361
0.28174999999999994,67917
0.28174999999999994,6938
0.28174999999999994,18664
0.28174999999999994,61039
0.28174999999999994,137536
0.28174999999999994,63652
0.28174999999999994,29531
0.28174999999999994,97010
0.28174999999999994,6924
0.28174999999999994,16934
0.27999999999999997,USNM ENT 00873966
0.27999999999999997,USNM ENT 00873985
0.27999999999999997,USNM ENT 00873979
0.27999999999999997,USNM ENT 00873998
0.27999999999999997,USNM ENT 00873980
0.27999999999999997,USNM ENT 00873968
0.27999999999999997,USNM ENT 00873975
0.27999999999999997,USNM ENT 00873970
0.27999999999999997,USNM ENT 00873972
0.27999999999999997,USNM ENT 00873999
0.27999999999999997,USNM ENT 00873993
0.27999999999999997,USNM ENT 00873996
0.27999999999999997,USNM ENT 00873974
0.27999999999999997,USNM ENT 00873984
0.27999999999999997,USNM ENT 00873987
0.27999999999999997,USNM ENT 00873991
0.27999999999999997,USNM ENT 00873978
0.27749999999999997,8020AF59-6B51-4033-A019-3E5901C7407D/1245
0.27749999999999997,1C428A5E-3768-4EF2-9A2F-0CDCB5097793/680
0.27749999999999997,D072FB6D-F194-441F-8994-18A29CEADA1B/4173
0.27749999999999997,8DD56F8D-256F-4D09-AF1B-E24A183D1020/844
0.27749999999999997,45566F31-5919-4C06-A192-4109A06ACF00/799
0.27749999999999997,110872E7-AA78-47C5-8ABA-EDABC1EE7DB7/959
0.27749999999999997,BC251836-8520-4D8B-B962-2A8E07BD2095/1040
0.27749999999999997,DBBFDA30-4F29-4BD1-A3A3-C62AB01FFD85/693
0.27749999999999997,4BEAEDA8-7F94-4404-9985-4263F9F6FC94/1321
0.27749999999999997,F777D7D6-B693-4BC8-88C7-DE6AC221EF1A/2567
0.27749999999999997,7C07AA00-F17C-4DE3-8C82-59F604CA5333/18
0.27749999999999997,94350BCC-E320-4EE4-AD51-E763C3DA2188/13
0.27749999999999997,3551F112-8E5C-42A5-AA6F-EDE8EA708810/814
0.27749999999999997,55814679-9604-4ED5-8677-D10C5EC149C5/799
0.27749999999999997,6E38EBD2-ABDA-4A0C-B106-8D47F3B651F1/446
0.27749999999999997,D1775884-75FA-4838-B13C-4F7C24654946/70
0.27749999999999997,BC358777-F2A6-40D6-A3BD-6E9E06B4A6B6/1305
0.27749999999999997,176CDBB7-FC33-4176-907D-1B0823A8A2B0/584
0.27749999999999997,337E0B22-7ABD-4984-8986-EA8C99AE9A14/876
0.27749999999999997,29F19986-FA07-4CCB-9342-F1627829C2D5/1358
0.27749999999999997,B65DB967-CB40-4C08-88C1-EB8127CC1F56/2561
0.27749999999999997,89FF1C2E-6219-455E-AC59-8D0B7C7D6A58/959
0.27749999999999997,BA305E5D-8427-43D1-B48F-44EFA923EF4B/446
0.27749999999999997,E09EB13F-32F1-407C-9F19-949F550DE23C/2376
0.27749999999999997,B4416329-2336-41E5-AF5D-D3189A1470CD/585
0.27749999999999997,25AD462B-08FF-46AD-B935-4B6FF890CE8F/922
0.27749999999999997,6427FC5E-B08C-49F0-BEE2-621BC1E339C1/490
0.27749999999999997,C770F289-3317-4DF0-A1DE-1AC4EC8A309D/390
0.27749999999999997,16FE2D4B-554F-4F84-A6CC-259358BBEF73/445
0.27749999999999997,C9D10CFC-E15A-4E53-8F56-F355A3E5FC8B/1040
0.27749999999999997,F7598FA2-6EE3-4325-B715-36DCF9EB4C8F/1259
0.27749999999999997,3FE3BF7D-0DD9-4BA6-975E-BF98E6241D4B/1306
0.27749999999999997,A29473FF-33E1-4BB3-969B-76051A7382A4/959
0.27749999999999997,675E1C0B-EB9E-42FA-A809-C55917B10FAA/756
0.27749999999999997,9D743261-785C-43E5-8787-14F05C8D3A1F/679
0.27749999999999997,BC061369-6BB9-4FBB-B464-A92D6464D300/446
0.27749999999999997,A052FE93-8AFE-475D-B7E4-F15CC1F4CECC/17
0.27749999999999997,CCB5D1F8-1635-412D-A01E-DBFEEEF6ABD6/2376
0.27749999999999997,B0A94F03-A439-4540-86AA-B77AF9290FE4/582
0.27749999999999997,38A11582-DC8A-4F98-A1A0-C44CE389A33F/2543
0.27749999999999997,01CE2D99-8140-4D49-92BA-75AFBAD394CF/1261
0.27749999999999997,254FD006-B7FC-49B3-96BD-4A4761882501/673
0.27749999999999997,18D8E4C9-C39C-4508-8581-F06B35DE45F1/1321
0.27749999999999997,DEB3CA8D-6AB0-4A37-9A61-A17B9FF99B93/42
0.27749999999999997,2ED9A4BF-8E9E-4142-A86F-FE944BD84FE4/621
0.27749999999999997,07570079-45F3-4DDE-9085-6CFB36EBE828/2515
0.27749999999999997,1D43B399-0BBD-4606-A8B0-BDFCE8D537BE/1922
0.27749999999999997,1CC42BF3-EB17-4F2F-9B0C-995F94E254B0/2430
0.27749999999999997,0DD5C98D-B845-4597-A6BF-678F8991EC2D/2810
0.27749999999999997,478D56F9-3A53-41F3-9765-1E22EE17D7B7/2872
0.27749999999999997,95F381EB-6126-4A04-B128-6DFAD9D055F4/2430
0.27749999999999997,5399FBC0-8808-447B-9FC9-82FC7D7671C3/42
0.27749999999999997,28C1C33D-EC8A-4E27-A6BB-70C03C289929/680
0.27749999999999997,926F5D3C-7E93-4578-BABA-175EF7912BE4/390
0.27749999999999997,DDC1E0B5-35D8-4010-B04F-9E8A9F1CB698/66
0.27749999999999997,D1775884-75FA-4838-B13C-4F7C24654946/372
0.27749999999999997,BA0807D8-0AD2-42FC-894A-9D1CD74E8461/1190
0.27749999999999997,88E8A022-FBF3-4113-962E-58016C25823C/761
0.27749999999999997,A96E7B64-1C15-4280-BDBE-BF4EAF65B6CC/959
0.27749999999999997,C981E8BD-5B14-4C31-A50C-3A44D01346D4/3066
0.27749999999999997,7FB4F306-018E-4562-A40D-9AF6EAD2C84A/724
0.27749999999999997,D98CC14A-622F-4D1D-B5ED-53107463BAAE/390
0.27749999999999997,252F4DE2-B6A5-4C15-8A01-63BF41E50DD9/2561
0.27749999999999997,3EDA28FE-6E01-47E4-9041-0EA95974AEF2/607
0.27749999999999997,E63A47AE-3599-4264-8EDA-45ADC4D25C0E/1259
0.27749999999999997,96DBF193-DB2D-44BF-9CC8-CAF28CC9B8AD/932
0.27749999999999997,EA0732B3-DC2F-4B4D-869A-A3D3C6CF87FD/946
0.27749999999999997,2D186681-715B-4A39-900F-0DB02526E6EA/161
0.27749999999999997,AD2DEB63-8A8C-4CD8-82E6-33A9FABEF456/1250
0.27749999999999997,1F30BCF0-F8EB-4BE1-8697-EC239B0FA714/205
0.27749999999999997,D6A75D95-FEC2-4823-BE1E-85BB1BAC363F/1321
0.27749999999999997,56B80CEE-B802-4208-9AE6-AC9D60545F38/350
0.27749999999999997,F0DD4C1C-F825-430D-817F-84FECE931010/1306
0.27749999999999997,6B285F29-1876-4DE1-87CD-22248FFD8FC5/70
0.27749999999999997,8A09BDA4-A03A-44BB-AEAB-FD9F970ACC34/585
0.27749999999999997,19BCFD66-1A24-4AF1-A782-58325EFBF5E9/1474
0.27749999999999997,B870A385-CBA9-4068-968F-E46E88B6C8A5/1229
0.27749999999999997,A21E8275-4E7F-4778-96D0-18333B308931/248
0.27749999999999997,283E9F6C-F57D-4806-A6D8-5A22E15E85DA/894
0.27749999999999997,0C1C5BA9-CA2F-44F3-8D21-5589929F7626/437
0.27749999999999997,DC719282-580A-436D-AD60-7B6D783937A8/1363
0.27749999999999997,1CBB6979-BAE8-4D4B-9CA3-795F823A5484/844
0.27749999999999997,349AF518-0655-4490-A70C-1B420C45278A/451
0.27749999999999997,41A781E0-CCB4-43AF-B30D-B1A7B290AD65/1312
0.27749999999999997,4
0.27749999999999997,9B213107-2EB3-4815-B415-5CA95D710DD0/1040
0.27749999999999997,25C59E31-9013-4D78-BB19-A8B3733E5B00/3335
0.27749999999999997,302DC2D2-B27A-4EC6-AE56-86887EEACBF3/2567
0.27749999999999997,B5DC823A-B539-45EE-BA6D-2129090C1475/165
0.27749999999999997,D0CD29D5-BDBF-47DB-9554-56B67082CD79/2376
0.27749999999999997,ADC22E92-BB05-4792-A320-92F923FC1501/161
0.27749999999999997,07696CA0-2B8B-4DD5-9F67-059CD5094F09/959
0.27749999999999997,9B80A2E6-5EA5-4370-B7DC-17B6923E8E63/604
0.27749999999999997,562619
0.27749999999999997,3DDC5DD4-0B83-44F7-BD3B-D9D8335E7779/2376
0.27749999999999997,F6FF6FFE-C165-404F-846F-805C87C9F4E6/1321
0.27749999999999997,C54D6DB3-73BF-4F33-97B5-41E388C0534B/514
0.27749999999999997,553B70F2-22EC-475F-A612-844BE90BA778/4205
0.27749999999999997,1899BFF2-AAF6-4C69-B124-0AEFC1CFE07C/2376
0.27749999999999997,45902839-8C06-4C15-98BC-EDB32AD822EA/331
0.27749999999999997,C488A2EC-1A06-4B5D-BF7B-7DD5F4BBA7A0/584
0.27749999999999997,DE1F31FF-51F6-41B1-A7EE-C20D64507B64/844
0.27749999999999997,C2D7E39D-49D8-49DF-B389-C7A5EE5D5634/1474
0.27749999999999997,15F5F41A-3628-4123-AEA2-A7DA284CB1CD/1089
0.27749999999999997,6C92C34A-B4B8-4789-ACC8-4782D05DF7A9/1306
0.27749999999999997,0D8F7460-41AC-45FD-9C8B-1E424996EA01/18
0.27749999999999997,EFFA8F3B-BA32-4073-827A-CD635B1047DE/371
0.27749999999999997,7C0AF3D2-864C-4FA7-B5B1-E7BEFBEA7100/1321
0.27749999999999997,CDD9B8AD-47E2-4784-B1BA-E3ABE0FFC192/211
0.27749999999999997,CA7E71A2-BA7F-4008-A4B4-12C19136DEBB/451
0.27749999999999997,07178B77-EBCB-43C8-A6F2-38C0B53A4E98/1045
0.27749999999999997,E2BC38FD-A836-434F-B943-61EE8B0E4042/205
0.27749999999999997,0086E147-6E57-490F-AF1D-087F7979C299/3374
0.27749999999999997,437AF72A-7201-40A5-A1CC-42463AAB668D/675
0.27749999999999997,1D6AA518-939F-4014-B3A4-DAAAD79A8339/96
0.27749999999999997,6288EBD7-305F-43F0-8587-042B4E910CC0/967
0.27749999999999997,C710FD1E-A55D-44EE-8AB4-6A2DB175CB50/2376
0.27749999999999997,D565808C-4C65-4A6A-A755-A372E39A8DC8/1766
0.27749999999999997,3EE68019-E8F2-4534-894B-CE80BAD20FA3/756
0.27749999999999997,A21E8275-4E7F-4778-96D0-18333B308931/784
0.27749999999999997,662F91BC-F6B5-4AE1-A79D-98208965DE88/437
0.27749999999999997,E97E0E11-4E81-4094-9D39-3E0B28E77F27/331
0.27749999999999997,D73A4689-3DA9-45DE-B061-EDF893EDBCD5/18
0.27749999999999997,2C7899EE-9F35-433D-BF30-D4E00BC5838F/212
0.27749999999999997,31EC168A-9F83-4E2D-A543-41FB9EC5CF7D/390
0.27749999999999997,AMNH LIBRARY 100113308
0.27749999999999997,98361550-5E38-4D68-9890-0C5514ADBAFE/1306
0.27749999999999997,C0497013-9708-4960-A492-6993AF5D40C6/40
0.27749999999999997,7C07AA00-F17C-4DE3-8C82-59F604CA5333/1048
0.27749999999999997,AB88C376-0F39-44B7-A5D3-C5D2DBC25A1B/574
0.27749999999999997,AA0E7ECB-B025-4D1B-82C0-AFEC491E20D5/1066
0.27749999999999997,2511E975-70D4-4AF0-B1F8-6DA7A25234A3/1023
0.27749999999999997,8D242C7E-4491-46DC-B488-51B371320168/40
0.27749999999999997,2AEF926D-AE93-490D-9D4D-0CE564E02EE1/946
0.27749999999999997,DD25941A-4499-45E2-9DCD-C40386D4923C/18
0.27749999999999997,3FA89638-BD77-4192-AEB0-C26F058AC20D/19
0.27749999999999997,118AE65B-028C-4ACE-9E6F-D593380EE4E1/1299
0.27749999999999997,C5AC8150-5D0B-4BA6-AF0F-454B4560D9CD/1544
0.27749999999999997,176C11F3-223C-4312-B30C-EB715D0CBE88/2430
0.27749999999999997,B54CB12F-C81E-485F-9F1A-AB11602771F0/799
0.27749999999999997,4267D3B4-45D2-4B86-B2D5-EA4734C63F23/1311
0.27749999999999997,C1947F78-F885-4705-9989-5DF1A4C1B280/1008
0.27749999999999997,A79E3063-0BDA-46DB-B8C0-4C102059FF6E/1268
0.27749999999999997,D6094EC6-BD39-4950-8BBA-1E3A6858FC95/296
0.27749999999999997,8D48B4B2-81F3-4B2C-BF92-76434AFA3835/725
0.27749999999999997,F752A702-D695-42E7-A66E-EF6CE6056137/7
0.27749999999999997,81B063B8-0C3A-471D-A6FE-7DDE9060AC3B/385
0.27749999999999997,C488A2EC-1A06-4B5D-BF7B-7DD5F4BBA7A0/585
0.27749999999999997,DCDDE9FB-F54D-4A1D-9342-57CCE7DBD992/2430
0.27749999999999997,685CB8FB-EDB4-4D7F-9A34-AAF6B788E393/952
0.27749999999999997,49CF246F-7747-4303-A5DE-3177C2749031/81
0.27749999999999997,A9858958-8D95-4798-8947-454BDF2551D6/1296
0.27749999999999997,1DAB861B-D167-4667-947A-C2A02811E2FD/876
0.27749999999999997,9ABD7D25-4020-4DE3-AF66-A29ED6B6B7F9/390
0.27749999999999997,9238C212-9AE2-42F0-8889-67169C4E53C6/2430
0.27749999999999997,D699526C-AE01-43C2-9930-726E9BB89861/1308
0.27749999999999997,74A7C274-2C98-4C57-8104-A6CEEF306707/4169
0.27749999999999997,11FF05C0-3A24-4ECA-8873-A3D6E7528F0A/463
0.27749999999999997,A9A793C6-4332-4D53-820C-3FEE13FCF05A/463
0.27749999999999997,824608C9-EDD2-4706-B8E4-E6CA824FB5A5/1058
0.27749999999999997,4FE73A8E-FEE1-4277-A064-47429BD4A04D/36
0.27749999999999997,24A36226-4D0F-474C-9EB1-85A3C4753E76/1369
0.27749999999999997,AB556C8A-2C27-4C21-BA6F-8AFE946B4FEC/520
0.27749999999999997,A2816313-B449-4389-8874-21708A4AEBAD/631
0.27749999999999997,6ABA660E-34AE-4D36-BDE7-AC29FE4220A4/1305
0.27749999999999997,E6FF117D-B5AB-4B21-831B-D9949CCAD2F5/2430
0.27749999999999997,9E66983B-1E54-47CD-B9D4-16D14F3CEE4D/585
0.27749999999999997,FEBE0755-8B49-4384-BEB9-2569F144AFEE/570
0.27749999999999997,08D956F1-5151-41AB-9417-BCF45858AD35/813
0.27749999999999997,9397D733-3069-4BB1-94F1-F8D6EA8460D0/446
0.27749999999999997,D4587A3A-F1AC-4EE7-A4E3-5DEE9CA00667/1226
0.27749999999999997,A78BAE1F-B449-4504-9F25-BEDBB796F753/1185
0.27749999999999997,4AE99546-E1D2-4BC4-9931-FB58EF2E3199/220
0.27749999999999997,AD9220B0-40BB-4F6C-900D-D1E5AD9A0BCF/2976
0.27749999999999997,650EFECB-209F-4C9E-B328-DD139C20DD8D/372
0.27749999999999997,0BD6EBFF-7690-4A68-B8F2-9952443F4E35/680
0.27749999999999997,096368A2-0AEA-4752-9649-E73F02ACED2C/1040
0.27749999999999997,E960EE90-8E1C-4C3F-8D57-BCED3420BFB9/446
0.27749999999999997,E182E6B8-75D2-4964-8E99-3DD8845BDEDC/1311
0.27749999999999997,49CF246F-7747-4303-A5DE-3177C2749031/2430
0.27749999999999997,2E8D2AE8-7D46-4B9B-BD5A-7AB7642BE106/296
0.27749999999999997,B30D189A-702B-4C91-A307-087CED001398/331
0.27749999999999997,295966C2-912E-4722-AF3E-7BACC19D1D53/972
0.27749999999999997,6ECA6459-DC34-4703-B867-802750E39293/96
0.27749999999999997,8FD831CD-AB04-4372-AF4F-DA9BEA80FEB5/1056
0.27749999999999997,CE010A45-9350-4EFC-8DF8-F29FFA58C172/680
0.27749999999999997,1D6AA518-939F-4014-B3A4-DAAAD79A8339/463
0.27749999999999997,E33F4D69-C443-43BB-8DF7-1FD9AFAC343A/1369
0.27749999999999997,1723131
0.27749999999999997,305C9704-A416-42A9-8730-6D42E6531BC6/19
0.27749999999999997,A8DAF318-D6AF-4F60-8761-D2A7AE1F40A6/725
0.27749999999999997,4881342D-076F-43E0-838B-68F3166A30D5/2679
0.27749999999999997,126B53EF-B09C-4C8D-B45E-6ACF8079B504/2320
0.27749999999999997,53960AF9-CD01-48F8-AA62-1EE62BAF7D70/1089
0.27749999999999997,268D13C3-EA51-4D72-AE6C-623E717D2011/18
0.27749999999999997,9F9EDCF1-FE5F-4103-934B-F548A2EC9524/390
0.27749999999999997,E78EBBD3-A75E-4456-B8D8-C922EFA4BE53/3066
0.27749999999999997,1F88034B-093F-457D-8BB9-B18A3D67947C/844
0.27749999999999997,690657F8-665A-45D1-98E1-33A39D3A5550/520
0.27749999999999997,BE6BD0B6-B128-41F3-A554-8C3B28BC8B1D/1245
0.27749999999999997,255AE576-6A66-4DBA-965D-8E55730C3262/1954
0.27749999999999997,E8CC3A5B-3EBC-422B-A2EB-8CD9598EED24/636
0.27749999999999997,0B340E77-3B71-428A-A649-813E3DCBA0A1/841
0.27749999999999997,2F3F8A13-FAE9-449D-AC83-607C4A2B53A2/446
0.27749999999999997,67E105A4-9195-4167-A9FC-1F9E1365E0E8/557
0.27749999999999997,9C7164AA-6E7F-4FC0-9C95-5B8A83607867/761
0.27749999999999997,0F7C5314-8F1B-4582-AA03-81BC50185128/4186
0.27749999999999997,C0DF5B8F-8A9F-4679-888C-2309FAC06261/1056
0.27749999999999997,839EF180-859A-498C-91C6-F0EE6E73D50D/1762
0.27749999999999997,E074296F-53DB-4EEB-92FA-3DD48F5EC0F3/756
0.27749999999999997,32B7F754-A6C2-4BE1-B737-C1BF3EEE4367/215
0.27749999999999997,E6FF117D-B5AB-4B21-831B-D9949CCAD2F5/70
0.27749999999999997,5983DC56-89FD-468F-A399-8926359E0BC0/761
0.27749999999999997,0B340E77-3B71-428A-A649-813E3DCBA0A1/641
0.27749999999999997,5BD5AE8D-FF7F-4AB2-8F98-71538D19B7E6/2374
0.27749999999999997,384B0D36-A0F9-42F9-A3CF-81394914E348/1199
0.27749999999999997,AB74A0BB-BA9C-43F4-800D-3DD90F3F93B5/225
0.27749999999999997,220D9424-7C15-40CB-9D29-6C677F12D8EF/1010
0.27749999999999997,177C733F-C1A5-4CF5-A41D-17BB62546DF0/526
0.27749999999999997,FBF5A80F-700F-4F81-B6E9-7052B4015542/959
0.27749999999999997,9DEB7068-C748-4D2B-AFDC-BF6C5B0E4D0C/756
0.27749999999999997,128C8659-810A-4649-AF73-B3EF907B8F59/161
0.27749999999999997,8F674E6F-A8D7-4473-85D3-1E74C8E9944E/1040
0.27749999999999997,1BE26BDB-5498-4BB6-B313-CD612E6167C4/1048
0.27749999999999997,9A517007-3E53-457D-A7D0-26BDD0F4953E/2430
0.27749999999999997,A5D9969A-9494-463F-945E-0E8AF09F2F0F/631
0.27749999999999997,8655C1F6-A9DA-419D-AC1E-6B5BCF4F3558/932
0.27749999999999997,85D63A64-D7F9-4098-A70B-695BD992CC2B/922
0.27749999999999997,5E3961F7-9E07-4DD4-A0A4-0F6F172B99BF/631
0.27749999999999997,8A813D48-BC0E-4D1B-B598-ED8DE842A300/437
0.27749999999999997,7840B491-A737-445A-8F6D-6CD616B1CDF8/945
0.27749999999999997,FBAD8D35-B569-4613-A268-4B48375DBC37/585
0.27749999999999997,5432EEFF-6641-4EF1-83E6-7F532FE8D71F/2376
0.27749999999999997,512EF53F-0B1D-469B-8AB3-215975C97C67/40
0.27749999999999997,E703AC3D-3F0A-4409-BBC7-5DD3E116AAA7/693
0.27749999999999997,14F53F95-E0BC-4141-B1FE-8F14BDADD087/869
0.27749999999999997,9003AE3A-FEDA-44B7-86D5-3A230CEAE468/96
0.27749999999999997,8EE7D163-7336-4A1E-AE56-EB36F8C7AA6A/144
0.27749999999999997,1C428A5E-3768-4EF2-9A2F-0CDCB5097793/959
0.27749999999999997,29C943ED-515B-492F-A48A-9609DB25511C/631
0.27749999999999997,F5A475A5-5CDB-4A9E-8F68-A83E18622E5D/673
0.27749999999999997,E0FC0ED8-B4FE-4884-8669-68D2F18F9776/520
0.27749999999999997,307D3BF5-3CC0-45A4-8958-F5E7409A361C/517
0.27749999999999997,645043E6-317C-4B27-85F5-5BA6F6B1EE92/205
0.27749999999999997,BD1E3E81-334C-4C70-AEFC-3872F0249330/582
0.27749999999999997,03735CAD-7768-42FE-82BC-5BDADDD9835E/225
0.27749999999999997,63F5C6B3-BAD2-4E78-906F-BB2BCE7C5D87/520
0.27749999999999997,7B734B11-81D0-4B8E-B7E8-899E21229DE2/19
0.27749999999999997,9F9EDCF1-FE5F-4103-934B-F548A2EC9524/42
0.27749999999999997,A96BC3F7-DD02-4BC6-8761-AD3ECF5D36F5/426
0.27749999999999997,7BC23293-FA58-4993-B140-5C941ECFE923/1247
0.27749999999999997,5D354F0E-2269-4994-A444-EB1B81B19187/1089
0.27749999999999997,4628E404-E875-4B20-AED7-AB99728B8422/1306
0.27749999999999997,369D24DA-E315-41B3-8F35-D43FAF5084A1/1306
0.27749999999999997,6911CE36-D044-4F4F-8313-4800F5980A43/959
0.27749999999999997,D6F76B16-B1A9-45DF-8DFA-919EE47DB8AB/171
0.27749999999999997,0172629C-480D-45D8-A377-0757E1D4CF12/1047
0.27749999999999997,F9F5414E-7E6D-4340-88C4-F25325CF670E/785
0.27749999999999997,1760A75E-8A8B-4F81-BBF8-CF098B603C18/2653
0.27749999999999997,B1E0157F-AB45-4EC2-B869-1FE1F431452F/42
0.27749999999999997,FAAB58D7-64DB-4FDB-8870-34E0B583422A/877
0.27749999999999997,2609E06E-F697-4134-A3AF-AA0D38CEFDC5/631
0.27749999999999997,BC28A240-BD2D-4856-A339-279E916C442E/1381
0.27749999999999997,4093F4EE-2629-49E1-86FE-017FFFC7C25B/390
0.27749999999999997,BE90AF00-3394-4B8F-8CE7-995B447613B5/18
0.27749999999999997,11A39A75-DCE5-4FD3-98AE-99FA580DEEDF/930
0.27749999999999997,2646B357-CDD1-415D-9F98-5C86A9E2E8C1/1056
0.27749999999999997,591BDAA5-226F-4F30-B141-E20FE756A54D/1101
0.27749999999999997,751F6359-3DA9-4519-82FD-0F7765A7BEB3/1098
0.27749999999999997,8EB5C311-5481-42C1-A1E4-F5EA9554F195/1229
0.27749999999999997,C770F289-3317-4DF0-A1DE-1AC4EC8A309D/1056
0.27749999999999997,0F1FF39B-F177-4C8E-9AF0-0DD2B956A034/38
0.27749999999999997,7E339571-159F-446D-AC5B-CF6062DF7E8B/1094
0.27749999999999997,85620E8A-43DA-4B25-84A7-2F184F43CC47/4
0.27749999999999997,6C18AF05-A3B3-430E-945F-8EE9AC04EFBF/1097
0.27749999999999997,869A5075-4C5B-4E77-A9BB-449E5A05914A/2376
0.27749999999999997,E98861F5-7BB8-4624-AE03-F947F9A4D23F/4169
0.27749999999999997,D98CC14A-622F-4D1D-B5ED-53107463BAAE/665
0.27749999999999997,12F5E229-CEBC-4F34-9406-95A8C133FF1B/2580
0.27749999999999997,79A69969-554D-4F9D-A2C6-ED42140F4DFE/394
0.27749999999999997,7B8E5805-75BD-4B9F-875D-19855AD6193E/372
0.27749999999999997,BA5E4741-A44E-4785-AB0C-35A9FCC9F2B2/967
0.27749999999999997,E97E0E11-4E81-4094-9D39-3E0B28E77F27/1097
0.27749999999999997,92630E90-6254-4874-94C3-CE748E114006/78
0.27749999999999997,66943A0D-3199-414A-9D67-C85772F4B413/947
0.27749999999999997,1857FEEC-58FE-4767-B007-5DE7572275DC/1066
0.27749999999999997,08D956F1-5151-41AB-9417-BCF45858AD35/96
0.27749999999999997,6E144A2A-601F-4600-8281-E8F15FAEDA05/1040
0.27749999999999997,BC28A240-BD2D-4856-A339-279E916C442E/215
0.27749999999999997,81575226-0C84-4683-9593-BBE2913FA09E/976
0.27749999999999997,49AC8132-3118-4717-AA7C-9C083F20760A/350
0.27749999999999997,F77E8813-16FE-4614-A1C9-02B802BC5078/584
0.27749999999999997,8F86D78A-765A-410E-A2AB-A80653F80985/4169
0.27749999999999997,25DEFA9A-2C49-4AF1-8756-15BCBD2C16ED/350
0.27749999999999997,83EA3F69-1FE8-46CA-BC75-D504343698BC/2430
0.27749999999999997,4BF9FCB4-7844-4991-B45B-0A3885D2290B/932
0.27749999999999997,8334CC56-A7B1-496C-B05B-7EFF70028F7A/1094
0.27749999999999997,0C75E75D-FAC9-42AE-92D0-C21AAC003988/44
0.27749999999999997,586CB476-647E-4264-9BF9-7788AD7F251B/4147
0.27749999999999997,B4A6712F-2760-455B-912B-BBF6A36F1113/959
0.27749999999999997,8FCAE551-F675-42FC-9E76-9A281B114BAA/462
0.27749999999999997,7D1EDD33-BBD2-46EC-BD07-B835D94AF549/446
0.27749999999999997,910A75B5-470F-4D04-A276-33850EF9109A/1040
0.27749999999999997,5BF06F74-9B10-440B-8E42-4E52EBF15C1A/680
0.27749999999999997,6F43CD72-735B-470D-8FF1-F281A3061B3F/445
0.27749999999999997,2C4B2FAF-4E81-4477-9212-9AA8C2DE8BCE/1056
0.27749999999999997,D194B10B-B708-4BF3-9BCB-2BDBFFAE8AFF/1199
0.27749999999999997,9E268F24-995D-468B-BF73-BAEBE3BA0A3B/1056
0.27749999999999997,A7C71AA8-1DA1-4A4D-AC29-EE4D2A616E8E/772
0.27749999999999997,DD4DD5F3-5CDD-4A60-B6AE-4E0F1E9B0F81/135
0.27749999999999997,3FA8660B-75DF-4BCB-AAC8-0D945F65D00E/161
0.27749999999999997,EF92EC74-D9DC-491F-890C-160ED6CA8DAE/457
0.27749999999999997,A5D90FBD-7907-4E50-B4E8-8AA39944E95B/4169
0.27749999999999997,7E520671-4D39-4583-A106-249A7138AF67/680
0.27749999999999997,B0F30613-C9E7-4E9E-918C-5B6C53D71330/4
0.27749999999999997,ADE40127-2F80-453C-A336-89E88806036F/42
0.27749999999999997,5C7BD7AC-1541-4FB7-B874-6161F0AD8852/1321
0.27749999999999997,2D82270C-D0FB-45D1-B995-E624CFDA4B0D/959
0.27749999999999997,430FC10D-9DD2-4D17-B115-F1E539D5D3BB/1474
0.27749999999999997,1940454
0.27749999999999997,4BDF0071-AF4B-447F-AA5E-F2DA33534685/680
0.27749999999999997,629B3CE0-CC60-4D26-A073-905ADE588D63/1306
0.27749999999999997,7DE30B01-9F13-4CB5-8AC7-B95F573DCD11/1250
0.27749999999999997,8B773880-7459-4A87-8035-808873C15C7D/66
0.27749999999999997,CA7E71A2-BA7F-4008-A4B4-12C19136DEBB/2802
0.27749999999999997,8C3ACDBA-2CEE-4AF7-AFBA-60364BD3FB38/520
0.27749999999999997,8E6F96C3-81D7-4507-A072-271AB530F8D0/967
0.27749999999999997,5BD5AE8D-FF7F-4AB2-8F98-71538D19B7E6/1074
0.27749999999999997,1D2FAC49-341E-489A-A847-29FB91E36CC9/2927
0.27749999999999997,5A9DF172-02E0-441D-8B4F-6E675BCFF167/42
0.27749999999999997,AA7C3A72-C2C1-4173-BD97-611D5A750E87/1332
0.27749999999999997,F5A475A5-5CDB-4A9E-8F68-A83E18622E5D/631
0.27749999999999997,626312
0.27749999999999997,C689B3D1-EA74-4B7B-A353-7668AC0B3557/225
0.27749999999999997,250419CC-946D-4C5E-B44C-7DAE23D2EFA4/520
0.27749999999999997,5A67E419-E3EE-4371-8169-60AAE31E4932/225
0.27749999999999997,9D743261-785C-43E5-8787-14F05C8D3A1F/584
0.27749999999999997,D75C6D07-41F0-4453-9780-2D92D1B0EDB7/977
0.27749999999999997,08D956F1-5151-41AB-9417-BCF45858AD35/582
0.27749999999999997,705951A9-78CC-49AB-9161-6D98111033FF/965
0.27749999999999997,7845F605-0DA6-474D-BEA8-84BBE38E8E5C/520
0.27749999999999997,5E9466A1-C215-46FD-BED8-8BF413A53155/2925
0.27749999999999997,FF712781-1435-4129-8693-56565CF5C654/844
0.27749999999999997,8C480DC5-6EDC-4EC1-88E5-B826B98A1CC4/446
0.27749999999999997,59EE60A0-3315-46A4-A5F4-EF25F858A32E/1006
0.27749999999999997,36D4E0A5-259F-4223-9F9A-587CD40D02ED/200
0.27749999999999997,D8306C38-4DF4-4184-A242-237F8C06A6E4/445
0.27749999999999997,C710FD1E-A55D-44EE-8AB4-6A2DB175CB50/959
0.27749999999999997,6DBFF5C8-F379-42C2-B235-B40E140CB464/952
0.27749999999999997,C26B65F6-D09F-4E0F-B2C2-62962AD9AA66/335
0.27749999999999997,82BB1856-E8FC-495B-86B4-AF619FDED4F4/18
0.27749999999999997,9159BFF4-07F1-4023-A370-7358F39095D7/304
0.27749999999999997,83D09DBC-349B-426B-A670-A3A546771549/215
0.27749999999999997,FA763F4A-B377-42ED-AAC5-35C1047767EB/967
0.27749999999999997,967ACABA-09EF-4DE7-9D41-6EB819E24373/584
0.27749999999999997,A78BAE1F-B449-4504-9F25-BEDBB796F753/2729
0.27749999999999997,402414F0-AE88-4496-9148-1E3DCDBA4C93/1058
0.27749999999999997,DCA9BA94-6EF4-4F3F-A238-DF6999A4B27B/782
0.27749999999999997,545E4D72-1E24-4C37-AE16-EA8A0B0A0302/1229
0.27749999999999997,4917B7D2-5CF9-45B1-AF9C-1643167A5B67/18
0.27749999999999997,1699166
0.27749999999999997,F752A702-D695-42E7-A66E-EF6CE6056137/2802
0.27749999999999997,DCB14539-1820-4D73-BC93-038DDC1D5DFB/66
0.27749999999999997,3EDEA90A-AA91-4286-B3FF-C927389D0044/959
0.27749999999999997,A0A6B3A4-EF28-4513-8936-BAC3A897F392/930
0.27749999999999997,C1106906-F234-4819-B20B-DA5FD8D66D8E/651
0.27749999999999997,6FB0A417-2221-4EFB-8859-C3F761A9E5E2/785
0.27749999999999997,EF3C464F-542D-4F55-8DFF-85F5120BCA34/2430
